unit_name,file,x,y,size,orientation,p_value,mean_rate
b'd7e0ad91-bc35-4ef8-a627-fcd2bc7d7466',sub-830794_ses-ecephys-830794-2026-01-26-12-02-05_ecephys,0.5,2.5,4,0.7853981633974483,0.016983016983016984,16.627344700560048
b'd7e0ad91-bc35-4ef8-a627-fcd2bc7d7466',sub-830794_ses-ecephys-830794-2026-01-26-12-02-05_ecephys,0.5,3.5,4,1.5707963267948966,0.004995004995004995,16.772286101636922
b'0189aefd-8d32-4326-860b-83950f40418d',sub-830794_ses-ecephys-830794-2026-01-26-12-02-05_ecephys,0.42857142857142855,6.714285714285714,7,0.0,0.000999000999000999,6.593208897023004
b'26712ab0-7a12-4b65-a7c3-058499ed96cc',sub-830794_ses-ecephys-830794-2026-01-26-12-02-05_ecephys,8.0,3.0,3,0.0,0.000999000999000999,3.5624290851449554
b'26712ab0-7a12-4b65-a7c3-058499ed96cc',sub-830794_ses-ecephys-830794-2026-01-26-12-02-05_ecephys,8.0,3.5,2,0.7853981633974483,0.000999000999000999,3.402687350695968
b'26712ab0-7a12-4b65-a7c3-058499ed96cc',sub-830794_ses-ecephys-830794-2026-01-26-12-02-05_ecephys,7.6,3.8,5,1.5707963267948966,0.000999000999000999,3.455112881551351
b'd814d27a-35e3-4034-bf99-9ce82553d426',sub-830794_ses-ecephys-830794-2026-01-26-12-02-05_ecephys,2.5,4.5,4,0.0,0.000999000999000999,0.6568550629705779
b'd814d27a-35e3-4034-bf99-9ce82553d426',sub-830794_ses-ecephys-830794-2026-01-26-12-02-05_ecephys,1.6666666666666667,4.333333333333333,3,0.7853981633974483,0.000999000999000999,0.7425846936465488
b'd814d27a-35e3-4034-bf99-9ce82553d426',sub-830794_ses-ecephys-830794-2026-01-26-12-02-05_ecephys,2.0,4.25,4,1.5707963267948966,0.000999000999000999,1.075637898128102
b'17f75c26-29f7-4328-97b1-7bac9cda88c4',sub-830794_ses-ecephys-830794-2026-01-26-12-02-05_ecephys,0.0,3.5,2,0.0,0.006993006993006993,0.36142462604173126
b'e451edf1-5d1a-4bae-8d4b-c349967213bd',sub-830794_ses-ecephys-830794-2026-01-26-12-02-05_ecephys,8.0,8.0,1,0.7853981633974483,0.028971028971028972,0.28741190111752435
b'35379d09-7a3e-477a-83b7-ae0a0163a1dd',sub-830794_ses-ecephys-830794-2026-01-26-12-02-05_ecephys,8.0,3.0,1,1.5707963267948966,0.022977022977022976,1.1675341302292406
b'35760d4e-1f31-4497-83bc-743a3303db35',sub-830794_ses-ecephys-830794-2026-01-26-12-02-05_ecephys,7.5,7.5,4,0.7853981633974483,0.04095904095904096,3.011042936988514
b'2d76bd9f-e688-4f41-9093-b3a89e062528',sub-830794_ses-ecephys-830794-2026-01-26-12-02-05_ecephys,8.0,6.0,1,0.0,0.000999000999000999,1.4382929181302275
b'2d76bd9f-e688-4f41-9093-b3a89e062528',sub-830794_ses-ecephys-830794-2026-01-26-12-02-05_ecephys,8.0,6.5,2,0.7853981633974483,0.000999000999000999,1.823769003014863
b'2d76bd9f-e688-4f41-9093-b3a89e062528',sub-830794_ses-ecephys-830794-2026-01-26-12-02-05_ecephys,8.0,6.0,1,1.5707963267948966,0.000999000999000999,1.1502647893807953
b'a502b7e2-d949-4dda-8ae9-afca61263e87',sub-830794_ses-ecephys-830794-2026-01-26-12-02-05_ecephys,3.8823529411764706,3.7058823529411766,17,1.5707963267948966,0.000999000999000999,15.62818738038504
b'baf7693b-9473-49d0-b060-02f287a037db',sub-830794_ses-ecephys-830794-2026-01-26-12-02-05_ecephys,7.2,0.4,5,0.7853981633974483,0.003996003996003996,18.07981945661111
b'019825a2-f58d-48cf-be59-8eb009c03425',sub-830794_ses-ecephys-830794-2026-01-26-12-02-05_ecephys,4.666666666666667,0.3333333333333333,3,0.7853981633974483,0.02097902097902098,4.385192733630016
b'ccb04aee-ec72-42bc-96c3-890dea5eb636',sub-830794_ses-ecephys-830794-2026-01-26-12-02-05_ecephys,7.0,5.0,9,0.7853981633974483,0.02097902097902098,18.264235883505716
b'ccb04aee-ec72-42bc-96c3-890dea5eb636',sub-830794_ses-ecephys-830794-2026-01-26-12-02-05_ecephys,6.444444444444445,0.6666666666666666,9,1.5707963267948966,0.001998001998001998,18.716324982450217
b'72da0892-f2d6-4327-9971-f061ad06557b',sub-830794_ses-ecephys-830794-2026-01-26-12-02-05_ecephys,0.0,2.5,2,0.0,0.005994005994005994,0.42618450800933044
b'72da0892-f2d6-4327-9971-f061ad06557b',sub-830794_ses-ecephys-830794-2026-01-26-12-02-05_ecephys,1.6666666666666667,4.333333333333333,9,1.5707963267948966,0.001998001998001998,0.481076120847255
b'09803941-f7a0-4fac-be7f-8a7ef2be1888',sub-830794_ses-ecephys-830794-2026-01-26-12-02-05_ecephys,4.0,4.0,81,0.0,0.000999000999000999,0.0
b'09803941-f7a0-4fac-be7f-8a7ef2be1888',sub-830794_ses-ecephys-830794-2026-01-26-12-02-05_ecephys,4.0,4.0,81,0.7853981633974483,0.000999000999000999,0.0
b'09803941-f7a0-4fac-be7f-8a7ef2be1888',sub-830794_ses-ecephys-830794-2026-01-26-12-02-05_ecephys,4.0,4.0,81,1.5707963267948966,0.000999000999000999,0.0
b'c2917e42-a189-4966-8c4b-d1e5b9c2cea4',sub-830794_ses-ecephys-830794-2026-01-26-12-02-05_ecephys,4.0,4.0,81,0.7853981633974483,0.000999000999000999,0.0
b'c2917e42-a189-4966-8c4b-d1e5b9c2cea4',sub-830794_ses-ecephys-830794-2026-01-26-12-02-05_ecephys,4.0,4.0,81,1.5707963267948966,0.000999000999000999,0.0
b'359f000a-1924-40e7-887b-31905697fd57',sub-830794_ses-ecephys-830794-2026-01-26-12-02-05_ecephys,4.0,4.0,81,0.0,0.000999000999000999,0.0
b'359f000a-1924-40e7-887b-31905697fd57',sub-830794_ses-ecephys-830794-2026-01-26-12-02-05_ecephys,4.0,4.0,81,0.7853981633974483,0.000999000999000999,0.0
b'359f000a-1924-40e7-887b-31905697fd57',sub-830794_ses-ecephys-830794-2026-01-26-12-02-05_ecephys,4.0,4.0,81,1.5707963267948966,0.000999000999000999,0.0
b'e03e2b03-9c2b-48ce-a9c9-19d7e40a16a4',sub-830794_ses-ecephys-830794-2026-01-26-12-02-05_ecephys,6.0,0.0,3,1.5707963267948966,0.024975024975024976,6.0640242099612705
b'90b7c188-6240-4c44-94ee-a497a47b595f',sub-830794_ses-ecephys-830794-2026-01-26-12-02-05_ecephys,4.0,4.0,81,0.0,0.000999000999000999,0.0
b'90b7c188-6240-4c44-94ee-a497a47b595f',sub-830794_ses-ecephys-830794-2026-01-26-12-02-05_ecephys,4.0,4.0,81,0.7853981633974483,0.000999000999000999,0.0
b'90b7c188-6240-4c44-94ee-a497a47b595f',sub-830794_ses-ecephys-830794-2026-01-26-12-02-05_ecephys,4.0,4.0,81,1.5707963267948966,0.000999000999000999,0.0
b'984b12e7-7cf4-44c3-bd15-cf4cde49585f',sub-830794_ses-ecephys-830794-2026-01-26-12-02-05_ecephys,4.0,4.0,81,0.0,0.000999000999000999,0.0
b'984b12e7-7cf4-44c3-bd15-cf4cde49585f',sub-830794_ses-ecephys-830794-2026-01-26-12-02-05_ecephys,4.0,4.0,81,0.7853981633974483,0.000999000999000999,0.0
b'984b12e7-7cf4-44c3-bd15-cf4cde49585f',sub-830794_ses-ecephys-830794-2026-01-26-12-02-05_ecephys,4.0,4.0,81,1.5707963267948966,0.000999000999000999,0.0
b'cb296757-d1ba-43c9-b336-90483ea008d3',sub-830794_ses-ecephys-830794-2026-01-26-12-02-05_ecephys,4.0,4.0,81,0.0,0.000999000999000999,0.0
b'cb296757-d1ba-43c9-b336-90483ea008d3',sub-830794_ses-ecephys-830794-2026-01-26-12-02-05_ecephys,4.0,4.0,81,0.7853981633974483,0.000999000999000999,0.0
b'cb296757-d1ba-43c9-b336-90483ea008d3',sub-830794_ses-ecephys-830794-2026-01-26-12-02-05_ecephys,4.0,4.0,81,1.5707963267948966,0.000999000999000999,0.0
b'6e4221a9-9b14-4485-bd58-878c692d10fb',sub-830794_ses-ecephys-830794-2026-01-26-12-02-05_ecephys,4.0,4.0,81,0.0,0.000999000999000999,0.0
b'6e4221a9-9b14-4485-bd58-878c692d10fb',sub-830794_ses-ecephys-830794-2026-01-26-12-02-05_ecephys,4.0,4.0,81,0.7853981633974483,0.000999000999000999,0.0
b'6e4221a9-9b14-4485-bd58-878c692d10fb',sub-830794_ses-ecephys-830794-2026-01-26-12-02-05_ecephys,4.0,4.0,81,1.5707963267948966,0.000999000999000999,0.0
b'a12d1543-987e-451f-9c7b-bf003cbe938c',sub-830794_ses-ecephys-830794-2026-01-26-12-02-05_ecephys,4.0,4.0,81,0.0,0.000999000999000999,0.0
b'a12d1543-987e-451f-9c7b-bf003cbe938c',sub-830794_ses-ecephys-830794-2026-01-26-12-02-05_ecephys,4.0,4.0,81,0.7853981633974483,0.000999000999000999,0.0
b'a12d1543-987e-451f-9c7b-bf003cbe938c',sub-830794_ses-ecephys-830794-2026-01-26-12-02-05_ecephys,4.0,4.0,81,1.5707963267948966,0.000999000999000999,0.0
b'29f5c436-78b7-4fd8-82c9-f3c4f64f7fac',sub-830794_ses-ecephys-830794-2026-01-26-12-02-05_ecephys,4.4,4.8,5,1.5707963267948966,0.023976023976023976,0.20353220146979514
b'5a885f4f-19f6-4e4b-abce-be6f957698af',sub-830794_ses-ecephys-830794-2026-01-26-12-02-05_ecephys,2.2222222222222223,0.6666666666666666,9,0.7853981633974483,0.02197802197802198,0.333052870179577
b'dcd83e9a-653a-4267-85a0-76a39607c2d6',sub-830794_ses-ecephys-830794-2026-01-26-12-02-05_ecephys,4.0,4.0,81,0.0,0.000999000999000999,0.0
b'dcd83e9a-653a-4267-85a0-76a39607c2d6',sub-830794_ses-ecephys-830794-2026-01-26-12-02-05_ecephys,4.0,4.0,81,0.7853981633974483,0.000999000999000999,0.0
b'dcd83e9a-653a-4267-85a0-76a39607c2d6',sub-830794_ses-ecephys-830794-2026-01-26-12-02-05_ecephys,4.0,4.0,81,1.5707963267948966,0.000999000999000999,0.0
b'fc60d226-ebdc-46e6-9300-445efe163a4c',sub-830794_ses-ecephys-830794-2026-01-26-12-02-05_ecephys,7.5,8.0,2,1.5707963267948966,0.01098901098901099,0.24115453131169598
b'a120f89a-8e5e-4957-8a7b-016b7735b101',sub-830794_ses-ecephys-830794-2026-01-26-12-02-05_ecephys,4.0,4.0,81,0.0,0.000999000999000999,0.0
b'a120f89a-8e5e-4957-8a7b-016b7735b101',sub-830794_ses-ecephys-830794-2026-01-26-12-02-05_ecephys,4.0,4.0,81,0.7853981633974483,0.000999000999000999,0.0
b'a120f89a-8e5e-4957-8a7b-016b7735b101',sub-830794_ses-ecephys-830794-2026-01-26-12-02-05_ecephys,4.0,4.0,81,1.5707963267948966,0.000999000999000999,0.0
b'e528b58a-0f0d-41f0-9d27-aee70d3eca17',sub-830794_ses-ecephys-830794-2026-01-26-12-02-05_ecephys,4.0,4.0,81,0.0,0.000999000999000999,0.0
b'e528b58a-0f0d-41f0-9d27-aee70d3eca17',sub-830794_ses-ecephys-830794-2026-01-26-12-02-05_ecephys,4.0,4.0,81,0.7853981633974483,0.000999000999000999,0.0
b'e528b58a-0f0d-41f0-9d27-aee70d3eca17',sub-830794_ses-ecephys-830794-2026-01-26-12-02-05_ecephys,4.0,4.0,81,1.5707963267948966,0.000999000999000999,0.0
b'b99d08e9-2d49-46b7-9e57-0a95d40575cc',sub-830794_ses-ecephys-830794-2026-01-26-12-02-05_ecephys,4.0,4.0,81,0.0,0.000999000999000999,0.0
b'b99d08e9-2d49-46b7-9e57-0a95d40575cc',sub-830794_ses-ecephys-830794-2026-01-26-12-02-05_ecephys,4.0,4.0,81,0.7853981633974483,0.000999000999000999,0.0
b'b99d08e9-2d49-46b7-9e57-0a95d40575cc',sub-830794_ses-ecephys-830794-2026-01-26-12-02-05_ecephys,4.0,4.0,81,1.5707963267948966,0.000999000999000999,0.0
b'82e156eb-d63b-4288-830a-b3f8febbb348',sub-830794_ses-ecephys-830794-2026-01-26-12-02-05_ecephys,4.0,4.0,81,0.0,0.000999000999000999,0.0
b'82e156eb-d63b-4288-830a-b3f8febbb348',sub-830794_ses-ecephys-830794-2026-01-26-12-02-05_ecephys,4.0,4.0,81,0.7853981633974483,0.000999000999000999,0.0
b'82e156eb-d63b-4288-830a-b3f8febbb348',sub-830794_ses-ecephys-830794-2026-01-26-12-02-05_ecephys,4.0,4.0,81,1.5707963267948966,0.000999000999000999,0.0
b'8a99a84a-1e20-482d-be2c-5f651df6ba75',sub-830794_ses-ecephys-830794-2026-01-26-12-02-05_ecephys,4.0,4.0,81,0.0,0.000999000999000999,0.0
b'8a99a84a-1e20-482d-be2c-5f651df6ba75',sub-830794_ses-ecephys-830794-2026-01-26-12-02-05_ecephys,4.0,4.0,81,0.7853981633974483,0.000999000999000999,0.0
b'8a99a84a-1e20-482d-be2c-5f651df6ba75',sub-830794_ses-ecephys-830794-2026-01-26-12-02-05_ecephys,4.0,4.0,81,1.5707963267948966,0.000999000999000999,0.0
b'7b5fd22b-b359-451f-bd2d-4301e871225e',sub-830794_ses-ecephys-830794-2026-01-26-12-02-05_ecephys,4.0,4.0,81,0.0,0.000999000999000999,0.0
b'7b5fd22b-b359-451f-bd2d-4301e871225e',sub-830794_ses-ecephys-830794-2026-01-26-12-02-05_ecephys,4.0,4.0,81,1.5707963267948966,0.000999000999000999,0.0
b'c192ffe8-0b86-4093-bc09-0c172164152b',sub-830794_ses-ecephys-830794-2026-01-26-12-02-05_ecephys,0.0,2.0,1,0.0,0.03696303696303696,0.81536212770047
b'f1676ced-1d7e-4d56-97a0-1d24e4cd01cf',sub-830794_ses-ecephys-830794-2026-01-26-12-02-05_ecephys,0.3333333333333333,4.666666666666667,3,0.0,0.02097902097902098,0.8437340359099443
b'f0f2973f-c889-489c-8d0b-fd338368d7f4',sub-830794_ses-ecephys-830794-2026-01-26-12-02-05_ecephys,4.0,4.0,81,0.0,0.000999000999000999,0.0
b'f0f2973f-c889-489c-8d0b-fd338368d7f4',sub-830794_ses-ecephys-830794-2026-01-26-12-02-05_ecephys,4.0,4.0,81,0.7853981633974483,0.000999000999000999,0.0
b'f0f2973f-c889-489c-8d0b-fd338368d7f4',sub-830794_ses-ecephys-830794-2026-01-26-12-02-05_ecephys,4.0,4.0,81,1.5707963267948966,0.000999000999000999,0.0
b'2a79a4b7-c08e-40fc-a2f9-6965e490b7bc',sub-830794_ses-ecephys-830794-2026-01-26-12-02-05_ecephys,4.0,4.0,81,0.0,0.000999000999000999,0.0
b'2a79a4b7-c08e-40fc-a2f9-6965e490b7bc',sub-830794_ses-ecephys-830794-2026-01-26-12-02-05_ecephys,4.0,4.0,81,0.7853981633974483,0.000999000999000999,0.0
b'2a79a4b7-c08e-40fc-a2f9-6965e490b7bc',sub-830794_ses-ecephys-830794-2026-01-26-12-02-05_ecephys,4.0,4.0,81,1.5707963267948966,0.000999000999000999,0.0
b'cb771517-9789-457e-8297-0d686f29712f',sub-830794_ses-ecephys-830794-2026-01-26-12-02-05_ecephys,0.3333333333333333,2.3333333333333335,3,1.5707963267948966,0.000999000999000999,1.4648147431295062
b'c91eceaa-1b07-48a4-b18d-08fdcb4bf07a',sub-830794_ses-ecephys-830794-2026-01-26-12-02-05_ecephys,4.0,4.0,81,0.0,0.000999000999000999,0.0
b'c91eceaa-1b07-48a4-b18d-08fdcb4bf07a',sub-830794_ses-ecephys-830794-2026-01-26-12-02-05_ecephys,4.0,4.0,81,0.7853981633974483,0.000999000999000999,0.0
b'c91eceaa-1b07-48a4-b18d-08fdcb4bf07a',sub-830794_ses-ecephys-830794-2026-01-26-12-02-05_ecephys,4.0,4.0,81,1.5707963267948966,0.000999000999000999,0.0
b'37d6c676-e159-43f3-961b-cda8af91eb33',sub-830794_ses-ecephys-830794-2026-01-26-12-02-05_ecephys,4.0,4.0,81,0.0,0.000999000999000999,0.0
b'37d6c676-e159-43f3-961b-cda8af91eb33',sub-830794_ses-ecephys-830794-2026-01-26-12-02-05_ecephys,4.0,4.0,81,0.7853981633974483,0.000999000999000999,0.0
b'37d6c676-e159-43f3-961b-cda8af91eb33',sub-830794_ses-ecephys-830794-2026-01-26-12-02-05_ecephys,4.0,4.0,81,1.5707963267948966,0.000999000999000999,0.0
b'b553f0d3-5d9c-43ca-bf13-1ad92868bf53',sub-830794_ses-ecephys-830794-2026-01-26-12-02-05_ecephys,1.3333333333333333,3.4444444444444446,9,0.7853981633974483,0.022977022977022976,5.07720324216039
b'd93ec009-43d0-4be4-ba02-adb123d6904e',sub-830794_ses-ecephys-830794-2026-01-26-12-02-05_ecephys,4.0,4.0,81,0.0,0.000999000999000999,0.0
b'd93ec009-43d0-4be4-ba02-adb123d6904e',sub-830794_ses-ecephys-830794-2026-01-26-12-02-05_ecephys,4.0,4.0,81,0.7853981633974483,0.000999000999000999,0.0
b'd93ec009-43d0-4be4-ba02-adb123d6904e',sub-830794_ses-ecephys-830794-2026-01-26-12-02-05_ecephys,4.0,4.0,81,1.5707963267948966,0.000999000999000999,0.0
b'a2102cc4-1eb3-45fd-b0e6-da22addb697c',sub-830794_ses-ecephys-830794-2026-01-26-12-02-05_ecephys,4.0,4.0,81,0.0,0.000999000999000999,0.0
b'a2102cc4-1eb3-45fd-b0e6-da22addb697c',sub-830794_ses-ecephys-830794-2026-01-26-12-02-05_ecephys,4.0,4.0,81,0.7853981633974483,0.000999000999000999,0.0
b'a2102cc4-1eb3-45fd-b0e6-da22addb697c',sub-830794_ses-ecephys-830794-2026-01-26-12-02-05_ecephys,4.0,4.0,81,1.5707963267948966,0.000999000999000999,0.0
b'da6b1f93-6930-4bab-9673-9c318c1278ea',sub-830794_ses-ecephys-830794-2026-01-26-12-02-05_ecephys,4.333333333333333,0.3333333333333333,3,1.5707963267948966,0.008991008991008992,3.203472286624906
b'749b4025-e64d-441e-b229-3ec03d00f27e',sub-830794_ses-ecephys-830794-2026-01-26-12-02-05_ecephys,2.3333333333333335,0.3333333333333333,3,1.5707963267948966,0.04995004995004995,27.29798007866671
b'440e3aa9-5e95-409c-bcf0-f88e2c0ac3f1',sub-830794_ses-ecephys-830794-2026-01-26-12-02-05_ecephys,4.0,4.0,81,0.0,0.000999000999000999,0.0
b'440e3aa9-5e95-409c-bcf0-f88e2c0ac3f1',sub-830794_ses-ecephys-830794-2026-01-26-12-02-05_ecephys,7.0,1.0,1,0.7853981633974483,0.000999000999000999,0.009251357111511632
b'0f7b022d-6ea7-44ec-822c-5252ed1189be',sub-830794_ses-ecephys-830794-2026-01-26-12-02-05_ecephys,5.25,0.25,4,0.0,0.030969030969030968,7.9975779866407155
b'3c9ea831-d829-4481-adf2-7fdafab2b882',sub-830794_ses-ecephys-830794-2026-01-26-12-02-05_ecephys,0.0,1.0,1,0.0,0.000999000999000999,0.009251443729956852
b'3c9ea831-d829-4481-adf2-7fdafab2b882',sub-830794_ses-ecephys-830794-2026-01-26-12-02-05_ecephys,4.0,4.0,81,1.5707963267948966,0.000999000999000999,0.0
b'e15aae02-0e48-473a-b21b-8cb9ae4fc4a3',sub-830794_ses-ecephys-830794-2026-01-26-12-02-05_ecephys,0.0,2.5,2,0.0,0.023976023976023976,1.758394185114222
b'e15aae02-0e48-473a-b21b-8cb9ae4fc4a3',sub-830794_ses-ecephys-830794-2026-01-26-12-02-05_ecephys,5.363636363636363,6.2727272727272725,11,0.7853981633974483,0.000999000999000999,1.7781312476545292
b'b959c531-90cf-4d12-ac73-50afcea15861',sub-830794_ses-ecephys-830794-2026-01-26-12-02-05_ecephys,7.666666666666667,2.6666666666666665,3,1.5707963267948966,0.025974025974025976,0.4076809742920571
b'48a427ab-47be-4406-8137-76d25d7fe54a',sub-830794_ses-ecephys-830794-2026-01-26-12-02-05_ecephys,4.0,4.0,81,0.0,0.000999000999000999,0.0
b'48a427ab-47be-4406-8137-76d25d7fe54a',sub-830794_ses-ecephys-830794-2026-01-26-12-02-05_ecephys,4.0,4.0,81,0.7853981633974483,0.000999000999000999,0.0
b'48a427ab-47be-4406-8137-76d25d7fe54a',sub-830794_ses-ecephys-830794-2026-01-26-12-02-05_ecephys,4.0,4.0,81,1.5707963267948966,0.000999000999000999,0.0
b'4fd34fea-6874-4aa6-896a-033f26de2413',sub-830794_ses-ecephys-830794-2026-01-26-12-02-05_ecephys,8.0,3.0,3,0.7853981633974483,0.017982017982017984,21.93953067804121
b'21c15907-8a87-47cd-ab29-f39c1f5d9e36',sub-830794_ses-ecephys-830794-2026-01-26-12-02-05_ecephys,4.764705882352941,1.1764705882352942,17,1.5707963267948966,0.04295704295704296,9.590065491266259
b'800caa2d-8423-4745-a82e-c98fbeb20dd2',sub-830794_ses-ecephys-830794-2026-01-26-12-02-05_ecephys,0.7777777777777778,5.666666666666667,9,1.5707963267948966,0.000999000999000999,25.181250778471984
b'7555763a-5177-47e8-ad00-3895618d6753',sub-830794_ses-ecephys-830794-2026-01-26-12-02-05_ecephys,0.0,5.0,3,0.7853981633974483,0.04895104895104895,3.4921177966695813
b'1a3097e5-8cbf-4ee0-b3b3-675561ae69dd',sub-830794_ses-ecephys-830794-2026-01-26-12-02-05_ecephys,4.0,8.0,3,0.7853981633974483,0.02097902097902098,4.836664625779599
b'7e542521-e646-4535-9e55-0d4363135707',sub-830794_ses-ecephys-830794-2026-01-26-12-02-05_ecephys,4.0,4.0,81,0.0,0.000999000999000999,0.0
b'7e542521-e646-4535-9e55-0d4363135707',sub-830794_ses-ecephys-830794-2026-01-26-12-02-05_ecephys,4.0,4.0,81,0.7853981633974483,0.000999000999000999,0.0
b'7e542521-e646-4535-9e55-0d4363135707',sub-830794_ses-ecephys-830794-2026-01-26-12-02-05_ecephys,4.0,4.0,81,1.5707963267948966,0.000999000999000999,0.0
b'36bcb66c-12bf-425f-b211-53e0a084a5de',sub-830794_ses-ecephys-830794-2026-01-26-12-02-05_ecephys,2.0,6.0,1,1.5707963267948966,0.015984015984015984,0.009251440821396237
b'ddec3e74-57d1-41d3-8c56-8c4f4fbb76f5',sub-830794_ses-ecephys-830794-2026-01-26-12-02-05_ecephys,6.714285714285714,5.857142857142857,7,1.5707963267948966,0.005994005994005994,0.7493682950010687
b'fa31fcb0-0ac1-41f1-8197-38a6a05c1e2a',sub-830794_ses-ecephys-830794-2026-01-26-12-02-05_ecephys,1.125,4.875,8,1.5707963267948966,0.014985014985014986,0.5291839530425781
b'4d4e9b55-9c72-4c2f-a2fd-81aa0680bb9d',sub-830794_ses-ecephys-830794-2026-01-26-12-02-05_ecephys,3.0,0.0,1,1.5707963267948966,0.004995004995004995,0.4829255647613264
b'176a2f62-6ba1-4db2-80a5-e8376c038eb1',sub-830794_ses-ecephys-830794-2026-01-26-12-02-05_ecephys,8.0,2.5,2,1.5707963267948966,0.04795204795204795,2.113035136255165
b'f5aea675-0e3a-45cc-a2b2-e19657cbd362',sub-830794_ses-ecephys-830794-2026-01-26-12-02-05_ecephys,0.0,0.0,1,0.7853981633974483,0.016983016983016984,0.6482189001172137
b'd66e9854-af90-4e1e-921a-d66f58ab6f05',sub-830794_ses-ecephys-830794-2026-01-26-12-02-05_ecephys,8.0,4.0,1,0.7853981633974483,0.04695304695304695,2.5971921469330628
b'3efac653-bcb5-4047-ad5e-720df37c9b89',sub-830794_ses-ecephys-830794-2026-01-26-12-02-05_ecephys,4.666666666666667,3.3333333333333335,3,0.0,0.007992007992007992,0.9269953588251031
b'3efac653-bcb5-4047-ad5e-720df37c9b89',sub-830794_ses-ecephys-830794-2026-01-26-12-02-05_ecephys,0.0,0.0,1,1.5707963267948966,0.03896103896103896,0.9917568253353738
b'3d3a09f0-7e5b-424e-8564-a6cbacb0a560',sub-830794_ses-ecephys-830794-2026-01-26-12-02-05_ecephys,6.0,6.0,1,0.0,0.025974025974025976,2.1309206625110417
b'7b0eaa0f-ec49-4fa8-86f8-d2d34b96885c',sub-830794_ses-ecephys-830794-2026-01-26-12-02-05_ecephys,5.5,1.0,6,0.0,0.04495504495504495,13.287567256056562
b'7b0eaa0f-ec49-4fa8-86f8-d2d34b96885c',sub-830794_ses-ecephys-830794-2026-01-26-12-02-05_ecephys,5.3,2.7,10,1.5707963267948966,0.02097902097902098,13.325191871210265
b'e30fc83f-7d64-446c-94f3-f88a91cb2929',sub-830794_ses-ecephys-830794-2026-01-26-12-02-05_ecephys,7.0,8.0,1,0.0,0.015984015984015984,0.5569386756471698
b'343432ee-f0e7-46c6-82e7-c15880eeef68',sub-830794_ses-ecephys-830794-2026-01-26-12-02-05_ecephys,3.0,1.0,7,0.7853981633974483,0.03796203796203796,1.0114937886588466
b'e5c1a672-b56b-4981-b41e-f373ab93b719',sub-830794_ses-ecephys-830794-2026-01-26-12-02-05_ecephys,8.0,0.0,1,0.7853981633974483,0.03796203796203796,1.5388257255682734
b'16506149-b68a-4441-8607-c0536b0b011c',sub-830794_ses-ecephys-830794-2026-01-26-12-02-05_ecephys,4.0,4.0,81,0.0,0.000999000999000999,0.0
b'16506149-b68a-4441-8607-c0536b0b011c',sub-830794_ses-ecephys-830794-2026-01-26-12-02-05_ecephys,4.0,4.0,81,0.7853981633974483,0.000999000999000999,0.0
b'16506149-b68a-4441-8607-c0536b0b011c',sub-830794_ses-ecephys-830794-2026-01-26-12-02-05_ecephys,4.0,4.0,81,1.5707963267948966,0.000999000999000999,0.0
b'8d2f9a8e-d441-4e45-b5dd-a5798dcc3ac8',sub-830794_ses-ecephys-830794-2026-01-26-12-02-05_ecephys,1.0,8.0,1,1.5707963267948966,0.026973026973026972,0.16652600880307036
b'c1fb8eba-40c5-4ea8-b922-ddb33cfb8522',sub-830794_ses-ecephys-830794-2026-01-26-12-02-05_ecephys,6.0,2.0,12,0.0,0.000999000999000999,9.433408560417375
b'c1fb8eba-40c5-4ea8-b922-ddb33cfb8522',sub-830794_ses-ecephys-830794-2026-01-26-12-02-05_ecephys,5.428571428571429,2.7142857142857144,7,0.7853981633974483,0.000999000999000999,10.301198548336336
b'c1fb8eba-40c5-4ea8-b922-ddb33cfb8522',sub-830794_ses-ecephys-830794-2026-01-26-12-02-05_ecephys,5.285714285714286,2.5714285714285716,7,1.5707963267948966,0.000999000999000999,9.55922953198137
b'c012be4b-3ffb-4783-b461-fb12c32edf2c',sub-830794_ses-ecephys-830794-2026-01-26-12-02-05_ecephys,0.0,1.0,3,1.5707963267948966,0.001998001998001998,8.988720442550571
b'c4c9270c-4bd0-4b93-b795-fb1daf2a3e5c',sub-830794_ses-ecephys-830794-2026-01-26-12-02-05_ecephys,8.0,5.0,1,0.0,0.000999000999000999,0.027754302104537953
b'c4c9270c-4bd0-4b93-b795-fb1daf2a3e5c',sub-830794_ses-ecephys-830794-2026-01-26-12-02-05_ecephys,4.0,4.0,81,1.5707963267948966,0.000999000999000999,0.0
b'0bb8bdc8-1d28-4a2c-a87d-bdd8c26bcbfb',sub-830794_ses-ecephys-830794-2026-01-26-12-02-05_ecephys,0.0,4.0,1,1.5707963267948966,0.027972027972027972,0.1942803595050895
b'17ddeec5-6ff7-41cb-8512-22f3210e928c',sub-830794_ses-ecephys-830794-2026-01-26-12-02-05_ecephys,3.5,3.0,4,0.7853981633974483,0.02097902097902098,0.19489741019747375
b'9f95c28b-1089-4003-832e-68bb13723d41',sub-830794_ses-ecephys-830794-2026-01-26-12-02-05_ecephys,5.666666666666667,4.0,9,0.0,0.000999000999000999,1.8065020305634958
b'9f95c28b-1089-4003-832e-68bb13723d41',sub-830794_ses-ecephys-830794-2026-01-26-12-02-05_ecephys,5.0,2.5,2,1.5707963267948966,0.01998001998001998,1.9637767416042002
b'a6640673-560e-4657-a16d-c70389261fc9',sub-830794_ses-ecephys-830794-2026-01-26-12-02-05_ecephys,4.5,1.3333333333333333,12,0.7853981633974483,0.04595404595404595,3.1769523816743446
b'3921c944-8921-4e7c-98ff-3880f8e3aaf3',sub-830794_ses-ecephys-830794-2026-01-26-12-02-05_ecephys,7.090909090909091,2.0,11,0.0,0.016983016983016984,8.746334894846346
b'3921c944-8921-4e7c-98ff-3880f8e3aaf3',sub-830794_ses-ecephys-830794-2026-01-26-12-02-05_ecephys,6.583333333333333,2.4166666666666665,12,1.5707963267948966,0.025974025974025976,9.073218732115249
b'96441ad6-ba09-4abf-bd82-b33d8db1e621',sub-830794_ses-ecephys-830794-2026-01-26-12-02-05_ecephys,4.0,4.0,81,0.0,0.000999000999000999,0.0
b'96441ad6-ba09-4abf-bd82-b33d8db1e621',sub-830794_ses-ecephys-830794-2026-01-26-12-02-05_ecephys,4.0,4.0,81,0.7853981633974483,0.000999000999000999,0.0
b'96441ad6-ba09-4abf-bd82-b33d8db1e621',sub-830794_ses-ecephys-830794-2026-01-26-12-02-05_ecephys,4.0,4.0,81,1.5707963267948966,0.000999000999000999,0.0
b'c7c3e3ef-d65b-4739-833e-35a6cc6220f7',sub-830794_ses-ecephys-830794-2026-01-26-12-02-05_ecephys,1.5,8.0,2,1.5707963267948966,0.003996003996003996,2.0482745551362633
b'3857b719-894b-4fc7-a8f4-4ef50fb54234',sub-830794_ses-ecephys-830794-2026-01-26-12-02-05_ecephys,7.5,8.0,2,0.0,0.000999000999000999,0.3885617049556467
b'b9846d0a-6695-427c-8538-9395c5c1476f',sub-830794_ses-ecephys-830794-2026-01-26-12-02-05_ecephys,4.0,4.0,81,0.0,0.000999000999000999,0.0
b'b9846d0a-6695-427c-8538-9395c5c1476f',sub-830794_ses-ecephys-830794-2026-01-26-12-02-05_ecephys,4.0,4.0,81,0.7853981633974483,0.000999000999000999,0.0
b'b9846d0a-6695-427c-8538-9395c5c1476f',sub-830794_ses-ecephys-830794-2026-01-26-12-02-05_ecephys,4.0,4.0,81,1.5707963267948966,0.000999000999000999,0.0
b'b1316065-25e4-4e5a-9dfa-04c6b82a24bf',sub-830794_ses-ecephys-830794-2026-01-26-12-02-05_ecephys,6.8,7.6,5,1.5707963267948966,0.029970029970029972,5.753789984689907
b'722991a6-e878-4b69-83a4-c5e4c4c84e0c',sub-830794_ses-ecephys-830794-2026-01-26-12-02-05_ecephys,4.0,4.0,81,0.0,0.000999000999000999,0.0
b'722991a6-e878-4b69-83a4-c5e4c4c84e0c',sub-830794_ses-ecephys-830794-2026-01-26-12-02-05_ecephys,4.0,4.0,81,0.7853981633974483,0.000999000999000999,0.0
b'722991a6-e878-4b69-83a4-c5e4c4c84e0c',sub-830794_ses-ecephys-830794-2026-01-26-12-02-05_ecephys,4.0,4.0,81,1.5707963267948966,0.000999000999000999,0.0
b'62a514e7-bab3-4bcb-af3e-9405be1d0257',sub-830794_ses-ecephys-830794-2026-01-26-12-02-05_ecephys,2.6666666666666665,4.666666666666667,3,0.7853981633974483,0.04895104895104895,3.773978393881928
b'248ded2a-bc7e-41ae-b33e-c955ab8ad5b4',sub-830794_ses-ecephys-830794-2026-01-26-12-02-05_ecephys,0.0,1.5,2,1.5707963267948966,0.01998001998001998,5.442326280707102
b'a11e0d06-7e5d-4674-91bf-b35a815892bc',sub-830794_ses-ecephys-830794-2026-01-26-12-02-05_ecephys,4.111111111111111,3.3333333333333335,9,0.7853981633974483,0.028971028971028972,16.112351168024997
b'7cb481a2-d0f7-4782-9f0d-61fae97e810f',sub-830794_ses-ecephys-830794-2026-01-26-12-02-05_ecephys,1.8333333333333333,4.333333333333333,6,1.5707963267948966,0.027972027972027972,19.727207542578096
b'f15ee5c0-d492-4a05-a939-d8e4b2ba5f96',sub-830794_ses-ecephys-830794-2026-01-26-12-02-05_ecephys,7.0,8.0,3,1.5707963267948966,0.001998001998001998,3.7980316215148617
b'b8475f24-deee-41f3-b853-d7cc4d152f1b',sub-830794_ses-ecephys-830794-2026-01-26-12-02-05_ecephys,8.0,7.5,2,0.7853981633974483,0.012987012987012988,13.050729272400057
b'825f15b5-dc0f-4e40-bd86-d5412b533e8b',sub-830794_ses-ecephys-830794-2026-01-26-12-02-05_ecephys,4.0,4.0,81,0.0,0.000999000999000999,0.0
b'825f15b5-dc0f-4e40-bd86-d5412b533e8b',sub-830794_ses-ecephys-830794-2026-01-26-12-02-05_ecephys,4.0,4.0,81,0.7853981633974483,0.000999000999000999,0.0
b'825f15b5-dc0f-4e40-bd86-d5412b533e8b',sub-830794_ses-ecephys-830794-2026-01-26-12-02-05_ecephys,4.0,4.0,81,1.5707963267948966,0.000999000999000999,0.0
b'0bd22809-d17b-4e3c-b57a-b361106a2418',sub-830794_ses-ecephys-830794-2026-01-26-12-02-05_ecephys,2.75,3.625,24,0.7853981633974483,0.007992007992007992,26.868103444472855
b'8f3c5d40-9ab5-40aa-8e90-37b848370887',sub-830794_ses-ecephys-830794-2026-01-26-12-02-05_ecephys,5.411764705882353,2.588235294117647,17,0.0,0.000999000999000999,16.763032371450755
b'e0270260-69d2-4905-bd1c-eeb885334ba4',sub-830794_ses-ecephys-830794-2026-01-26-12-02-05_ecephys,1.0,1.2,10,0.0,0.000999000999000999,14.405759615977281
b'e0270260-69d2-4905-bd1c-eeb885334ba4',sub-830794_ses-ecephys-830794-2026-01-26-12-02-05_ecephys,1.0,1.0,10,0.7853981633974483,0.00999000999000999,14.051120835484145
b'e0270260-69d2-4905-bd1c-eeb885334ba4',sub-830794_ses-ecephys-830794-2026-01-26-12-02-05_ecephys,0.7777777777777778,1.1111111111111112,9,1.5707963267948966,0.000999000999000999,14.581536859325109
b'e5a84d55-6950-4c68-8d96-b6b89a62e69e',sub-830794_ses-ecephys-830794-2026-01-26-12-02-05_ecephys,7.0,8.0,3,0.0,0.03296703296703297,9.646192313812891
b'e5a84d55-6950-4c68-8d96-b6b89a62e69e',sub-830794_ses-ecephys-830794-2026-01-26-12-02-05_ecephys,3.6,7.466666666666667,15,1.5707963267948966,0.002997002997002997,8.614343422238388
b'39123d2c-d600-4862-982d-b886d690370b',sub-830794_ses-ecephys-830794-2026-01-26-12-02-05_ecephys,0.0,2.5,2,1.5707963267948966,0.001998001998001998,0.9559853826070437
b'8b83eb82-45d4-40d7-833b-c1aa91ecc936',sub-830794_ses-ecephys-830794-2026-01-26-12-02-05_ecephys,6.0,2.5555555555555554,9,0.7853981633974483,0.026973026973026972,0.4816924946617141
b'52410fd6-0d0b-456a-b40c-d33f958bc7fb',sub-830794_ses-ecephys-830794-2026-01-26-12-02-05_ecephys,4.642857142857143,1.7142857142857142,14,0.0,0.003996003996003996,37.204443896066245
b'52410fd6-0d0b-456a-b40c-d33f958bc7fb',sub-830794_ses-ecephys-830794-2026-01-26-12-02-05_ecephys,4.444444444444445,1.7222222222222223,18,0.7853981633974483,0.001998001998001998,37.945187604348405
b'52410fd6-0d0b-456a-b40c-d33f958bc7fb',sub-830794_ses-ecephys-830794-2026-01-26-12-02-05_ecephys,5.25,1.25,12,1.5707963267948966,0.000999000999000999,37.402434465613254
b'448555d4-ea09-4a79-be91-2b109013db0d',sub-830794_ses-ecephys-830794-2026-01-26-12-02-05_ecephys,7.6,2.8,5,0.0,0.000999000999000999,9.876244224581317
b'448555d4-ea09-4a79-be91-2b109013db0d',sub-830794_ses-ecephys-830794-2026-01-26-12-02-05_ecephys,7.375,2.75,8,0.7853981633974483,0.000999000999000999,10.674339028474387
b'448555d4-ea09-4a79-be91-2b109013db0d',sub-830794_ses-ecephys-830794-2026-01-26-12-02-05_ecephys,7.666666666666667,2.5,6,1.5707963267948966,0.000999000999000999,10.996291884546617
b'9d12fa58-fe2b-41f6-8b56-367952b2b104',sub-830794_ses-ecephys-830794-2026-01-26-12-02-05_ecephys,4.166666666666667,2.8333333333333335,6,0.0,0.004995004995004995,10.68420595195976
b'9d12fa58-fe2b-41f6-8b56-367952b2b104',sub-830794_ses-ecephys-830794-2026-01-26-12-02-05_ecephys,4.285714285714286,3.0,7,0.7853981633974483,0.000999000999000999,10.304282525458207
b'9d12fa58-fe2b-41f6-8b56-367952b2b104',sub-830794_ses-ecephys-830794-2026-01-26-12-02-05_ecephys,4.5,2.5,4,1.5707963267948966,0.000999000999000999,11.309607561463588
b'77fff250-194e-4d47-ad35-842ec505b7b4',sub-830794_ses-ecephys-830794-2026-01-26-12-02-05_ecephys,5.875,1.125,8,0.0,0.000999000999000999,11.832001371611776
b'77fff250-194e-4d47-ad35-842ec505b7b4',sub-830794_ses-ecephys-830794-2026-01-26-12-02-05_ecephys,6.2,0.9,10,0.7853981633974483,0.000999000999000999,12.215632949921632
b'77fff250-194e-4d47-ad35-842ec505b7b4',sub-830794_ses-ecephys-830794-2026-01-26-12-02-05_ecephys,5.875,0.875,8,1.5707963267948966,0.000999000999000999,11.236207220870194
b'ef5c0ee5-70e0-4151-ad11-1def5c25e77f',sub-830794_ses-ecephys-830794-2026-01-26-12-02-05_ecephys,8.0,3.5,2,0.7853981633974483,0.001998001998001998,7.757039441723872
b'ef5c0ee5-70e0-4151-ad11-1def5c25e77f',sub-830794_ses-ecephys-830794-2026-01-26-12-02-05_ecephys,7.428571428571429,6.428571428571429,7,1.5707963267948966,0.030969030969030968,6.9842359386888395
b'139e079b-74a5-4371-acbd-4d0f560c2ff5',sub-830794_ses-ecephys-830794-2026-01-26-12-02-05_ecephys,7.6,2.2,5,0.7853981633974483,0.001998001998001998,8.925190815618652
b'139e079b-74a5-4371-acbd-4d0f560c2ff5',sub-830794_ses-ecephys-830794-2026-01-26-12-02-05_ecephys,8.0,1.5,2,1.5707963267948966,0.029970029970029972,9.868233348182013
b'90df02c4-450e-446e-836e-0b7085c0187a',sub-830794_ses-ecephys-830794-2026-01-26-12-02-05_ecephys,7.181818181818182,5.454545454545454,11,1.5707963267948966,0.02097902097902098,9.973075634119873
b'c0510157-d935-4378-a181-a4f280768bc1',sub-830794_ses-ecephys-830794-2026-01-26-12-02-05_ecephys,2.0,3.7142857142857144,7,1.5707963267948966,0.006993006993006993,18.488121558508205
b'fa53b221-9076-4c2a-ae8c-25264b53208e',sub-830794_ses-ecephys-830794-2026-01-26-12-02-05_ecephys,8.0,2.0,3,1.5707963267948966,0.000999000999000999,34.56901705418607
b'dca0b6eb-2844-4a32-9030-e6e6ab18c365',sub-830794_ses-ecephys-830794-2026-01-26-12-02-05_ecephys,6.888888888888889,7.222222222222222,9,0.7853981633974483,0.04295704295704296,11.236826627280692
b'5dc1d356-b6af-4a87-8325-76b3f7c4f108',sub-830794_ses-ecephys-830794-2026-01-26-12-02-05_ecephys,6.166666666666667,0.3333333333333333,6,0.0,0.01998001998001998,7.838454491210073
b'5dc1d356-b6af-4a87-8325-76b3f7c4f108',sub-830794_ses-ecephys-830794-2026-01-26-12-02-05_ecephys,5.7272727272727275,0.7272727272727273,11,0.7853981633974483,0.016983016983016984,8.748801059041933
b'5dc1d356-b6af-4a87-8325-76b3f7c4f108',sub-830794_ses-ecephys-830794-2026-01-26-12-02-05_ecephys,7.0,0.8333333333333334,6,1.5707963267948966,0.012987012987012988,9.327943386995342
b'd4bed705-b57f-4ddd-b54f-aaee6d174b31',sub-830794_ses-ecephys-830794-2026-01-26-12-02-05_ecephys,8.0,4.5,2,0.0,0.000999000999000999,3.570448127737789
b'd4bed705-b57f-4ddd-b54f-aaee6d174b31',sub-830794_ses-ecephys-830794-2026-01-26-12-02-05_ecephys,7.666666666666667,3.0,9,0.7853981633974483,0.004995004995004995,2.8402004034847725
b'07581f34-fa52-45a2-9015-a10f1f1b8e20',sub-830794_ses-ecephys-830794-2026-01-26-12-02-05_ecephys,0.8571428571428571,5.428571428571429,7,1.5707963267948966,0.001998001998001998,29.13718015354605
b'd16c7aa7-8fb4-43a5-b0dc-891036614998',sub-830794_ses-ecephys-830794-2026-01-26-12-02-05_ecephys,8.0,3.0,3,0.0,0.005994005994005994,24.8827325444492
b'd16c7aa7-8fb4-43a5-b0dc-891036614998',sub-830794_ses-ecephys-830794-2026-01-26-12-02-05_ecephys,8.0,0.5,2,0.7853981633974483,0.007992007992007992,24.718670588864214
b'd16c7aa7-8fb4-43a5-b0dc-891036614998',sub-830794_ses-ecephys-830794-2026-01-26-12-02-05_ecephys,8.0,0.0,1,1.5707963267948966,0.004995004995004995,23.547437708043066
b'34902dc5-7a19-425a-88c8-ebb2c3c619a0',sub-830794_ses-ecephys-830794-2026-01-26-12-02-05_ecephys,7.428571428571429,3.7142857142857144,7,0.7853981633974483,0.007992007992007992,1.48393463470546
b'53866ab0-8155-4869-925b-99d3bb769fa1',sub-830794_ses-ecephys-830794-2026-01-26-12-02-05_ecephys,7.0,8.0,1,0.0,0.003996003996003996,0.6297167558813612
b'2db276f8-63d7-4745-a042-8a7c6d6a982f',sub-830794_ses-ecephys-830794-2026-01-26-12-02-05_ecephys,7.166666666666667,2.8333333333333335,12,0.0,0.00999000999000999,18.39807675373402
b'2db276f8-63d7-4745-a042-8a7c6d6a982f',sub-830794_ses-ecephys-830794-2026-01-26-12-02-05_ecephys,7.25,5.916666666666667,12,0.7853981633974483,0.006993006993006993,19.814164539206068
b'b4d74eea-aad2-4643-bfa3-3c903ed26ef9',sub-830794_ses-ecephys-830794-2026-01-26-12-02-05_ecephys,5.916666666666667,0.5833333333333334,12,0.0,0.000999000999000999,8.890036982543442
b'b4d74eea-aad2-4643-bfa3-3c903ed26ef9',sub-830794_ses-ecephys-830794-2026-01-26-12-02-05_ecephys,5.7272727272727275,0.45454545454545453,11,0.7853981633974483,0.000999000999000999,9.582050120689534
b'b4d74eea-aad2-4643-bfa3-3c903ed26ef9',sub-830794_ses-ecephys-830794-2026-01-26-12-02-05_ecephys,6.0,0.375,8,1.5707963267948966,0.000999000999000999,9.733151467531117
b'dc2b41f7-6a6b-4680-b290-981854fc6096',sub-830794_ses-ecephys-830794-2026-01-26-12-02-05_ecephys,1.7142857142857142,0.8571428571428571,7,0.7853981633974483,0.001998001998001998,14.243553382525949
b'dc2b41f7-6a6b-4680-b290-981854fc6096',sub-830794_ses-ecephys-830794-2026-01-26-12-02-05_ecephys,1.0,3.1818181818181817,22,1.5707963267948966,0.03596403596403597,14.383554030621914
b'f22c6827-d5b0-4c65-b028-84b28c1879bf',sub-830794_ses-ecephys-830794-2026-01-26-12-02-05_ecephys,5.833333333333333,7.666666666666667,6,1.5707963267948966,0.01898101898101898,28.979277063249146
b'ee7deefc-39e4-4e2a-9736-082c5410d5c1',sub-830794_ses-ecephys-830794-2026-01-26-12-02-05_ecephys,3.0,7.75,4,0.7853981633974483,0.000999000999000999,12.085491619539559
b'ee7deefc-39e4-4e2a-9736-082c5410d5c1',sub-830794_ses-ecephys-830794-2026-01-26-12-02-05_ecephys,7.666666666666667,6.5,6,1.5707963267948966,0.01098901098901099,12.025049217415287
b'96221602-bf8a-4c58-9b69-1eed2ea6c08a',sub-830794_ses-ecephys-830794-2026-01-26-12-02-05_ecephys,7.230769230769231,2.6153846153846154,13,0.0,0.000999000999000999,14.237384634359788
b'96221602-bf8a-4c58-9b69-1eed2ea6c08a',sub-830794_ses-ecephys-830794-2026-01-26-12-02-05_ecephys,7.333333333333333,2.5,12,0.7853981633974483,0.000999000999000999,14.487791929959354
b'96221602-bf8a-4c58-9b69-1eed2ea6c08a',sub-830794_ses-ecephys-830794-2026-01-26-12-02-05_ecephys,7.375,2.25,8,1.5707963267948966,0.000999000999000999,13.711899880571988
b'8804f89e-bcde-4b42-a842-4848b5799cf6',sub-830794_ses-ecephys-830794-2026-01-26-12-02-05_ecephys,0.0,4.0,1,0.0,0.024975024975024976,0.056125743759198495
b'fbb33cb1-b204-4f1b-9aa0-9340664afe86',sub-830794_ses-ecephys-830794-2026-01-26-12-02-05_ecephys,0.0,3.5,2,0.7853981633974483,0.01998001998001998,8.58042145307679
b'b0866c0c-7088-464a-bd93-bc6dfc25d4d6',sub-830794_ses-ecephys-830794-2026-01-26-12-02-05_ecephys,2.5,1.0,10,0.7853981633974483,0.013986013986013986,5.752559474167369
b'8e34c16e-25e2-4105-92ea-5bc03fdac53d',sub-830794_ses-ecephys-830794-2026-01-26-12-02-05_ecephys,3.25,0.625,8,0.7853981633974483,0.000999000999000999,11.675961880940054
b'8e34c16e-25e2-4105-92ea-5bc03fdac53d',sub-830794_ses-ecephys-830794-2026-01-26-12-02-05_ecephys,3.8,0.4,5,1.5707963267948966,0.01098901098901099,11.415687162690798
b'fde401f2-b8ba-4a97-a8ed-3ed95d2b7321',sub-830794_ses-ecephys-830794-2026-01-26-12-02-05_ecephys,7.75,3.0,4,0.0,0.000999000999000999,6.500697486582897
b'fde401f2-b8ba-4a97-a8ed-3ed95d2b7321',sub-830794_ses-ecephys-830794-2026-01-26-12-02-05_ecephys,7.125,2.5,8,0.7853981633974483,0.000999000999000999,7.003973126091489
b'fde401f2-b8ba-4a97-a8ed-3ed95d2b7321',sub-830794_ses-ecephys-830794-2026-01-26-12-02-05_ecephys,7.666666666666667,2.3333333333333335,3,1.5707963267948966,0.000999000999000999,6.694358543814283
b'3d647f63-2268-4b10-9b65-f654730333ff',sub-830794_ses-ecephys-830794-2026-01-26-12-02-05_ecephys,6.5,3.0,10,0.0,0.000999000999000999,9.577728909726428
b'3d647f63-2268-4b10-9b65-f654730333ff',sub-830794_ses-ecephys-830794-2026-01-26-12-02-05_ecephys,6.5,3.0,10,0.7853981633974483,0.000999000999000999,10.572574829237055
b'3d647f63-2268-4b10-9b65-f654730333ff',sub-830794_ses-ecephys-830794-2026-01-26-12-02-05_ecephys,6.166666666666667,3.1666666666666665,6,1.5707963267948966,0.000999000999000999,9.203357706249703
b'5a31b717-2d5a-416a-912c-8fea78c00b69',sub-830794_ses-ecephys-830794-2026-01-26-12-02-05_ecephys,7.5,3.5,4,0.0,0.013986013986013986,3.0252295061392265
b'5a31b717-2d5a-416a-912c-8fea78c00b69',sub-830794_ses-ecephys-830794-2026-01-26-12-02-05_ecephys,7.0,3.0,9,0.7853981633974483,0.024975024975024976,3.2799505250841423
b'5a31b717-2d5a-416a-912c-8fea78c00b69',sub-830794_ses-ecephys-830794-2026-01-26-12-02-05_ecephys,7.571428571428571,3.2857142857142856,7,1.5707963267948966,0.022977022977022976,3.0548319471307677
b'b7684c3e-fbc7-4096-8f71-a89c5af3f239',sub-830794_ses-ecephys-830794-2026-01-26-12-02-05_ecephys,7.5,3.0,2,0.7853981633974483,0.006993006993006993,1.1490301385813724
b'b7684c3e-fbc7-4096-8f71-a89c5af3f239',sub-830794_ses-ecephys-830794-2026-01-26-12-02-05_ecephys,7.5,2.5,4,1.5707963267948966,0.002997002997002997,1.3895709156949887
b'f17cbd79-0018-429e-aec3-0cef83f2b9ef',sub-830794_ses-ecephys-830794-2026-01-26-12-02-05_ecephys,8.0,3.5,4,0.0,0.00999000999000999,0.5008130817151975
b'f17cbd79-0018-429e-aec3-0cef83f2b9ef',sub-830794_ses-ecephys-830794-2026-01-26-12-02-05_ecephys,6.833333333333333,4.166666666666667,6,1.5707963267948966,0.007992007992007992,0.5563216216506807
b'411f4c7f-b49e-4dbe-b828-4d7c08ded52d',sub-830794_ses-ecephys-830794-2026-01-26-12-02-05_ecephys,2.5869565217391304,5.108695652173913,46,0.0,0.004995004995004995,7.421522493676009
b'411f4c7f-b49e-4dbe-b828-4d7c08ded52d',sub-830794_ses-ecephys-830794-2026-01-26-12-02-05_ecephys,1.6153846153846154,7.076923076923077,13,0.7853981633974483,0.001998001998001998,7.98894177043505
b'5e5cf708-a5de-4c47-8bce-50e614e42592',sub-830794_ses-ecephys-830794-2026-01-26-12-02-05_ecephys,3.5,0.5,4,0.0,0.027972027972027972,2.9191439614126016
b'5e5cf708-a5de-4c47-8bce-50e614e42592',sub-830794_ses-ecephys-830794-2026-01-26-12-02-05_ecephys,4.333333333333333,1.4444444444444444,9,1.5707963267948966,0.01898101898101898,2.982054505973472
b'e92f2ed2-eeb1-46f1-ae6f-71609d6f21ec',sub-830794_ses-ecephys-830794-2026-01-26-12-02-05_ecephys,8.0,5.5,4,1.5707963267948966,0.01898101898101898,1.4537130225152062
b'ab3b9f4d-13da-416a-a9bb-4030084f7cfe',sub-830794_ses-ecephys-830794-2026-01-26-12-02-05_ecephys,1.2,7.6,5,0.7853981633974483,0.04595404595404595,0.4539382992739176
b'96fe274b-56ae-4af5-8329-a84e0a1b4cbe',sub-830794_ses-ecephys-830794-2026-01-26-12-02-05_ecephys,4.0,4.0,81,0.0,0.000999000999000999,0.0
b'96fe274b-56ae-4af5-8329-a84e0a1b4cbe',sub-830794_ses-ecephys-830794-2026-01-26-12-02-05_ecephys,4.0,4.0,81,0.7853981633974483,0.000999000999000999,0.0
b'96fe274b-56ae-4af5-8329-a84e0a1b4cbe',sub-830794_ses-ecephys-830794-2026-01-26-12-02-05_ecephys,4.0,4.0,81,1.5707963267948966,0.000999000999000999,0.0
b'f719bf95-bd1b-4942-a170-1452ea7f78fb',sub-830794_ses-ecephys-830794-2026-01-26-12-02-05_ecephys,8.0,3.5,2,0.0,0.007992007992007992,1.7799820712655283
b'f719bf95-bd1b-4942-a170-1452ea7f78fb',sub-830794_ses-ecephys-830794-2026-01-26-12-02-05_ecephys,8.0,2.5,2,1.5707963267948966,0.004995004995004995,2.518248754423641
b'1e664280-65f3-4b5c-80ea-e0e2c393c4d5',sub-830794_ses-ecephys-830794-2026-01-26-12-02-05_ecephys,2.8,7.6,5,0.7853981633974483,0.024975024975024976,3.311408836692383
b'1cc077cb-bcbb-42ca-97cd-a20d9bc5c906',sub-830794_ses-ecephys-830794-2026-01-26-12-02-05_ecephys,6.5,0.3333333333333333,6,0.0,0.008991008991008992,18.950698243384515
b'1cc077cb-bcbb-42ca-97cd-a20d9bc5c906',sub-830794_ses-ecephys-830794-2026-01-26-12-02-05_ecephys,6.5,0.0,4,0.7853981633974483,0.015984015984015984,19.689578129835553
b'1cc077cb-bcbb-42ca-97cd-a20d9bc5c906',sub-830794_ses-ecephys-830794-2026-01-26-12-02-05_ecephys,6.5,0.0,4,1.5707963267948966,0.000999000999000999,18.718175665210012
b'62834e7a-b72a-4df4-8b3f-5df7b1cd8ce6',sub-830794_ses-ecephys-830794-2026-01-26-12-02-05_ecephys,0.6428571428571429,3.4285714285714284,14,0.0,0.000999000999000999,11.89800085676487
b'62834e7a-b72a-4df4-8b3f-5df7b1cd8ce6',sub-830794_ses-ecephys-830794-2026-01-26-12-02-05_ecephys,1.1904761904761905,4.142857142857143,21,0.7853981633974483,0.000999000999000999,12.318014632142441
b'62834e7a-b72a-4df4-8b3f-5df7b1cd8ce6',sub-830794_ses-ecephys-830794-2026-01-26-12-02-05_ecephys,1.0,2.9166666666666665,12,1.5707963267948966,0.000999000999000999,12.76208433707605
b'96a797b3-0435-41ba-bf60-a6f0ed97cfa8',sub-830794_ses-ecephys-830794-2026-01-26-12-02-05_ecephys,2.0,6.3,10,0.0,0.001998001998001998,1.104007569733914
b'6d43bae4-5328-438d-84bf-0b1b46264b8f',sub-830794_ses-ecephys-830794-2026-01-26-12-02-05_ecephys,7.5,2.0,6,0.0,0.001998001998001998,1.8731135865362738
b'6d43bae4-5328-438d-84bf-0b1b46264b8f',sub-830794_ses-ecephys-830794-2026-01-26-12-02-05_ecephys,7.2,1.5,10,0.7853981633974483,0.01098901098901099,1.592486209048742
b'6d43bae4-5328-438d-84bf-0b1b46264b8f',sub-830794_ses-ecephys-830794-2026-01-26-12-02-05_ecephys,7.6,1.2,5,1.5707963267948966,0.004995004995004995,1.6140721443444044
b'01623ba6-2ee6-44d2-b851-363843232a91',sub-830794_ses-ecephys-830794-2026-01-26-12-02-05_ecephys,5.0,0.5,2,1.5707963267948966,0.005994005994005994,0.6858425864528062
b'2bcede7c-44a7-4df8-956c-0330cffb301f',sub-830794_ses-ecephys-830794-2026-01-26-12-02-05_ecephys,6.333333333333333,2.8333333333333335,6,0.0,0.026973026973026972,0.5279496027734217
b'2bcede7c-44a7-4df8-956c-0330cffb301f',sub-830794_ses-ecephys-830794-2026-01-26-12-02-05_ecephys,5.666666666666667,2.6666666666666665,3,0.7853981633974483,0.015984015984015984,0.481075341108081
b'f33f7f68-cc18-4fc8-8e70-6cda6a297838',sub-830794_ses-ecephys-830794-2026-01-26-12-02-05_ecephys,4.25,1.5,8,1.5707963267948966,0.027972027972027972,2.2659935866947087
b'993c5527-6066-492d-982d-bdf7762c6835',sub-830794_ses-ecephys-830794-2026-01-26-12-02-05_ecephys,8.0,3.5,2,0.0,0.000999000999000999,2.4892626706552483
b'993c5527-6066-492d-982d-bdf7762c6835',sub-830794_ses-ecephys-830794-2026-01-26-12-02-05_ecephys,8.0,3.0,3,0.7853981633974483,0.000999000999000999,2.3091662471021226
b'4c70ad6b-1fb2-4d4e-8289-2cb98defc102',sub-830794_ses-ecephys-830794-2026-01-26-12-02-05_ecephys,5.5,0.5,4,0.7853981633974483,0.04795204795204795,4.141569460341079
b'4c70ad6b-1fb2-4d4e-8289-2cb98defc102',sub-830794_ses-ecephys-830794-2026-01-26-12-02-05_ecephys,6.454545454545454,0.7272727272727273,11,1.5707963267948966,0.000999000999000999,5.043896898594578
b'5df16606-6b11-4225-8c4e-c14ef65c6756',sub-830794_ses-ecephys-830794-2026-01-26-12-02-05_ecephys,7.5,5.0,6,0.0,0.001998001998001998,2.902491624685419
b'5df16606-6b11-4225-8c4e-c14ef65c6756',sub-830794_ses-ecephys-830794-2026-01-26-12-02-05_ecephys,7.5,4.5,4,0.7853981633974483,0.000999000999000999,3.3194243956573724
b'5df16606-6b11-4225-8c4e-c14ef65c6756',sub-830794_ses-ecephys-830794-2026-01-26-12-02-05_ecephys,7.166666666666667,4.833333333333333,6,1.5707963267948966,0.000999000999000999,3.643842581946471
b'8371e0fb-6c1f-4c75-9bee-5eda6d9c5a4e',sub-830794_ses-ecephys-830794-2026-01-26-12-02-05_ecephys,1.263157894736842,1.9473684210526316,19,1.5707963267948966,0.000999000999000999,4.418496906533693
b'75ff11a0-1d88-40dd-b6d0-3dff9c3dc34f',sub-830794_ses-ecephys-830794-2026-01-26-12-02-05_ecephys,8.0,3.5,2,0.0,0.000999000999000999,9.150931087295833
b'75ff11a0-1d88-40dd-b6d0-3dff9c3dc34f',sub-830794_ses-ecephys-830794-2026-01-26-12-02-05_ecephys,8.0,3.0,3,0.7853981633974483,0.04895104895104895,8.275123566810054
b'a2fd2080-3549-4d9e-a993-8d3ca751e4ba',sub-830794_ses-ecephys-830794-2026-01-26-12-02-05_ecephys,1.4,3.8,5,1.5707963267948966,0.000999000999000999,13.988213743710762
b'009f465c-8e45-4887-9f90-246e9dc30b5e',sub-830794_ses-ecephys-830794-2026-01-26-12-02-05_ecephys,7.5,8.0,2,0.0,0.02097902097902098,1.2211914515425824
b'daf84953-a523-4cad-b3cc-ef4668235968',sub-830794_ses-ecephys-830794-2026-01-26-12-02-05_ecephys,8.0,3.5,2,0.0,0.03796203796203796,2.335686993212765
b'5f7ba220-4519-450e-b5e6-399c8c387198',sub-830794_ses-ecephys-830794-2026-01-26-12-02-05_ecephys,0.5,2.5,4,0.0,0.002997002997002997,4.219900359349871
b'97e82991-df20-4a10-825a-a7d0395904f8',sub-830794_ses-ecephys-830794-2026-01-26-12-02-05_ecephys,7.75,3.0,4,0.7853981633974483,0.03796203796203796,8.304726463332514
b'5d929868-7ec5-42e1-b19d-5cd3389d2654',sub-830794_ses-ecephys-830794-2026-01-26-12-02-05_ecephys,7.6,2.2,5,1.5707963267948966,0.005994005994005994,4.423434883397715
b'ec99f58a-577f-4300-9d47-126492e493c4',sub-830794_ses-ecephys-830794-2026-01-26-12-02-05_ecephys,7.0,1.0,7,0.0,0.01898101898101898,3.350264625238487
b'92acd55d-0acf-4111-a5ad-d75808bca5ad',sub-830794_ses-ecephys-830794-2026-01-26-12-02-05_ecephys,1.0,1.0,1,0.0,0.014985014985014986,0.018502883581945316
b'3e9cf92b-fff3-4230-aaf2-1ffe50b36e9d',sub-830794_ses-ecephys-830794-2026-01-26-12-02-05_ecephys,8.0,3.0,1,0.0,0.000999000999000999,0.9973081843603201
b'3e9cf92b-fff3-4230-aaf2-1ffe50b36e9d',sub-830794_ses-ecephys-830794-2026-01-26-12-02-05_ecephys,8.0,3.5,2,0.7853981633974483,0.000999000999000999,1.0959900409027916
b'fbdc8a27-f69d-4e13-a9ba-664555f6466e',sub-830794_ses-ecephys-830794-2026-01-26-12-02-05_ecephys,8.0,4.0,1,0.0,0.02097902097902098,1.5863176018993508
b'065947a6-1170-4c46-ad6f-ef4175416fa9',sub-830794_ses-ecephys-830794-2026-01-26-12-02-05_ecephys,5.2,0.6,5,0.0,0.003996003996003996,0.24053860014621575
b'3971c3c4-b768-445c-abe1-9449f9babc7e',sub-830794_ses-ecephys-830794-2026-01-26-12-02-05_ecephys,4.0,4.0,81,0.0,0.000999000999000999,0.0
b'3971c3c4-b768-445c-abe1-9449f9babc7e',sub-830794_ses-ecephys-830794-2026-01-26-12-02-05_ecephys,4.0,4.0,81,0.7853981633974483,0.000999000999000999,0.0
b'3971c3c4-b768-445c-abe1-9449f9babc7e',sub-830794_ses-ecephys-830794-2026-01-26-12-02-05_ecephys,4.0,4.0,81,1.5707963267948966,0.000999000999000999,0.0
b'5a1fd290-b907-472e-ae2b-594ea992ad9c',sub-830794_ses-ecephys-830794-2026-01-26-12-02-05_ecephys,4.0,4.0,81,0.0,0.000999000999000999,0.0
b'5a1fd290-b907-472e-ae2b-594ea992ad9c',sub-830794_ses-ecephys-830794-2026-01-26-12-02-05_ecephys,4.0,4.0,81,0.7853981633974483,0.000999000999000999,0.0
b'5a1fd290-b907-472e-ae2b-594ea992ad9c',sub-830794_ses-ecephys-830794-2026-01-26-12-02-05_ecephys,4.0,4.0,81,1.5707963267948966,0.000999000999000999,0.0
b'1c7e4d03-7310-4bbf-be58-2afc4f9ecc6a',sub-830794_ses-ecephys-830794-2026-01-26-12-02-05_ecephys,7.6,2.8,5,0.0,0.000999000999000999,12.921209531364411
b'1c7e4d03-7310-4bbf-be58-2afc4f9ecc6a',sub-830794_ses-ecephys-830794-2026-01-26-12-02-05_ecephys,7.6,2.5,10,0.7853981633974483,0.001998001998001998,12.556085269243125
b'1c7e4d03-7310-4bbf-be58-2afc4f9ecc6a',sub-830794_ses-ecephys-830794-2026-01-26-12-02-05_ecephys,7.6,2.2,5,1.5707963267948966,0.013986013986013986,11.558161637313459
b'a329cf98-39a2-46cd-ad5b-e85c5ca7e2c5',sub-830794_ses-ecephys-830794-2026-01-26-12-02-05_ecephys,8.0,1.5,2,0.7853981633974483,0.000999000999000999,0.31454997096341
b'a329cf98-39a2-46cd-ad5b-e85c5ca7e2c5',sub-830794_ses-ecephys-830794-2026-01-26-12-02-05_ecephys,8.0,0.0,1,1.5707963267948966,0.003996003996003996,0.268909287516487
b'8b84c200-313a-4d76-bc37-11e787def019',sub-830794_ses-ecephys-830794-2026-01-26-12-02-05_ecephys,6.916666666666667,1.25,12,0.0,0.001998001998001998,2.6668884409027154
b'8b84c200-313a-4d76-bc37-11e787def019',sub-830794_ses-ecephys-830794-2026-01-26-12-02-05_ecephys,7.125,1.875,8,0.7853981633974483,0.003996003996003996,2.6230964616223127
b'8b84c200-313a-4d76-bc37-11e787def019',sub-830794_ses-ecephys-830794-2026-01-26-12-02-05_ecephys,8.0,1.0,3,1.5707963267948966,0.000999000999000999,2.714380528480809
b'7d451f81-7400-456f-b75d-6ed26974b5f0',sub-830794_ses-ecephys-830794-2026-01-26-12-02-05_ecephys,7.5,3.5,4,0.7853981633974483,0.000999000999000999,5.409638524446722
b'7d451f81-7400-456f-b75d-6ed26974b5f0',sub-830794_ses-ecephys-830794-2026-01-26-12-02-05_ecephys,7.5,2.5,4,1.5707963267948966,0.000999000999000999,5.372017880572348
b'1a373ba9-4dcf-4a9a-8a1d-d28f73fc764c',sub-830794_ses-ecephys-830794-2026-01-26-12-02-05_ecephys,6.6875,1.5625,16,0.0,0.000999000999000999,25.878192155717496
b'1a373ba9-4dcf-4a9a-8a1d-d28f73fc764c',sub-830794_ses-ecephys-830794-2026-01-26-12-02-05_ecephys,6.615384615384615,1.6923076923076923,13,0.7853981633974483,0.000999000999000999,25.540824466713612
b'1a373ba9-4dcf-4a9a-8a1d-d28f73fc764c',sub-830794_ses-ecephys-830794-2026-01-26-12-02-05_ecephys,7.1,1.2,10,1.5707963267948966,0.000999000999000999,25.255265399248437
b'd5bb724d-7680-49d0-8f3b-0167fdcfcdb7',sub-830794_ses-ecephys-830794-2026-01-26-12-02-05_ecephys,8.0,3.0,1,0.0,0.000999000999000999,0.13938857674636174
b'cfa405c1-d25d-430c-9415-af12d9541309',sub-830794_ses-ecephys-830794-2026-01-26-12-02-05_ecephys,7.0,0.75,8,1.5707963267948966,0.04895104895104895,1.7873825927945077
b'34dcc285-7e67-479a-b6eb-b49b3eaf131e',sub-830794_ses-ecephys-830794-2026-01-26-12-02-05_ecephys,7.571428571428571,1.2857142857142858,7,0.0,0.000999000999000999,39.28232416687718
b'34dcc285-7e67-479a-b6eb-b49b3eaf131e',sub-830794_ses-ecephys-830794-2026-01-26-12-02-05_ecephys,7.571428571428571,1.2857142857142858,7,0.7853981633974483,0.000999000999000999,38.583528178903656
b'34dcc285-7e67-479a-b6eb-b49b3eaf131e',sub-830794_ses-ecephys-830794-2026-01-26-12-02-05_ecephys,7.6,0.8,5,1.5707963267948966,0.000999000999000999,38.56072193402438
b'85572d86-f7cd-498b-92f5-92a72a5ae45b',sub-830794_ses-ecephys-830794-2026-01-26-12-02-05_ecephys,5.0,1.5,6,0.0,0.000999000999000999,1.296436887583321
b'85572d86-f7cd-498b-92f5-92a72a5ae45b',sub-830794_ses-ecephys-830794-2026-01-26-12-02-05_ecephys,5.666666666666667,0.7777777777777778,9,1.5707963267948966,0.024975024975024976,0.7222306658844733
b'4587f63c-86fe-41a5-a8db-68765a1fe253',sub-830794_ses-ecephys-830794-2026-01-26-12-02-05_ecephys,8.0,1.5,2,1.5707963267948966,0.030969030969030968,0.9627694904990787
b'005c581e-642a-4b7e-a78b-a95a26125e10',sub-830794_ses-ecephys-830794-2026-01-26-12-02-05_ecephys,6.8,6.6,10,1.5707963267948966,0.003996003996003996,1.6313423088816215
b'bff18074-0269-47ad-adc5-6e2817295a79',sub-830794_ses-ecephys-830794-2026-01-26-12-02-05_ecephys,4.0,4.0,81,0.0,0.000999000999000999,0.0
b'bff18074-0269-47ad-adc5-6e2817295a79',sub-830794_ses-ecephys-830794-2026-01-26-12-02-05_ecephys,4.0,4.0,81,0.7853981633974483,0.000999000999000999,0.0
b'bff18074-0269-47ad-adc5-6e2817295a79',sub-830794_ses-ecephys-830794-2026-01-26-12-02-05_ecephys,4.0,4.0,81,1.5707963267948966,0.000999000999000999,0.0
b'7f4ecd2a-ffc9-48a2-9bf7-ee946ecf333a',sub-830794_ses-ecephys-830794-2026-01-26-12-02-05_ecephys,4.0,4.0,81,0.0,0.000999000999000999,0.0
b'7f4ecd2a-ffc9-48a2-9bf7-ee946ecf333a',sub-830794_ses-ecephys-830794-2026-01-26-12-02-05_ecephys,4.0,4.0,81,0.7853981633974483,0.000999000999000999,0.0
b'7f4ecd2a-ffc9-48a2-9bf7-ee946ecf333a',sub-830794_ses-ecephys-830794-2026-01-26-12-02-05_ecephys,4.0,4.0,81,1.5707963267948966,0.000999000999000999,0.0
b'ea8260f5-37b3-4775-a974-53720d87cd6a',sub-830794_ses-ecephys-830794-2026-01-26-12-02-05_ecephys,7.571428571428571,2.2857142857142856,7,0.0,0.000999000999000999,12.078706913613097
b'ea8260f5-37b3-4775-a974-53720d87cd6a',sub-830794_ses-ecephys-830794-2026-01-26-12-02-05_ecephys,6.421052631578948,1.5789473684210527,19,0.7853981633974483,0.000999000999000999,11.95597059105139
b'ea8260f5-37b3-4775-a974-53720d87cd6a',sub-830794_ses-ecephys-830794-2026-01-26-12-02-05_ecephys,7.125,0.875,8,1.5707963267948966,0.000999000999000999,11.967079361827011
b'3b3c2d2b-e006-4fd3-8e3e-85b20b29b69c',sub-830794_ses-ecephys-830794-2026-01-26-12-02-05_ecephys,4.0,4.0,81,0.0,0.000999000999000999,0.0
b'f3a77a39-b19a-4aaa-b462-35ea4fd53675',sub-830794_ses-ecephys-830794-2026-01-26-12-02-05_ecephys,8.0,6.5,2,0.0,0.003996003996003996,0.08326324482282113
b'57e02328-0629-49c1-9d44-fc555938362f',sub-830794_ses-ecephys-830794-2026-01-26-12-02-05_ecephys,7.8,1.6,5,0.7853981633974483,0.03796203796203796,3.6611119307551965
b'57e02328-0629-49c1-9d44-fc555938362f',sub-830794_ses-ecephys-830794-2026-01-26-12-02-05_ecephys,6.857142857142857,0.7142857142857143,7,1.5707963267948966,0.000999000999000999,3.2435631502736424
b'3379d6dc-0487-450c-a21e-a3ce758b919e',sub-830794_ses-ecephys-830794-2026-01-26-12-02-05_ecephys,7.666666666666667,1.3333333333333333,3,1.5707963267948966,0.001998001998001998,0.33366943620304235
b'5e923953-eead-408d-b3b9-47068cea6457',sub-830794_ses-ecephys-830794-2026-01-26-12-02-05_ecephys,6.5,1.0,12,0.0,0.000999000999000999,23.733700844900685
b'5e923953-eead-408d-b3b9-47068cea6457',sub-830794_ses-ecephys-830794-2026-01-26-12-02-05_ecephys,6.1875,1.1875,16,0.7853981633974483,0.000999000999000999,23.329099660674213
b'5e923953-eead-408d-b3b9-47068cea6457',sub-830794_ses-ecephys-830794-2026-01-26-12-02-05_ecephys,7.125,0.875,8,1.5707963267948966,0.000999000999000999,22.882569000152525
b'b79cb07d-d868-4d23-a664-64915adc4241',sub-830794_ses-ecephys-830794-2026-01-26-12-02-05_ecephys,8.0,1.5,2,0.7853981633974483,0.03896103896103896,3.595117577097208
b'37fcfeed-709c-4c19-a692-5e5573631154',sub-830794_ses-ecephys-830794-2026-01-26-12-02-05_ecephys,7.0,0.5,6,0.0,0.03196803196803197,1.6214721898597075
b'37fcfeed-709c-4c19-a692-5e5573631154',sub-830794_ses-ecephys-830794-2026-01-26-12-02-05_ecephys,6.333333333333333,0.3333333333333333,3,0.7853981633974483,0.000999000999000999,2.462122424087062
b'37fcfeed-709c-4c19-a692-5e5573631154',sub-830794_ses-ecephys-830794-2026-01-26-12-02-05_ecephys,7.0,1.0,9,1.5707963267948966,0.000999000999000999,1.8065014086580868
b'33e1c793-985c-429f-823e-7476e45be71b',sub-830794_ses-ecephys-830794-2026-01-26-12-02-05_ecephys,6.166666666666667,1.25,12,0.0,0.023976023976023976,6.804757904914003
b'33e1c793-985c-429f-823e-7476e45be71b',sub-830794_ses-ecephys-830794-2026-01-26-12-02-05_ecephys,6.0,0.5,6,0.7853981633974483,0.000999000999000999,7.011992016477142
b'33e1c793-985c-429f-823e-7476e45be71b',sub-830794_ses-ecephys-830794-2026-01-26-12-02-05_ecephys,7.0,1.0,9,1.5707963267948966,0.000999000999000999,7.496153224997469
b'8e8a5b36-9481-40ce-89d7-b20d285c6974',sub-830794_ses-ecephys-830794-2026-01-26-12-02-05_ecephys,7.2,0.4,5,0.0,0.03496503496503497,16.894408225212555
b'9af19ba8-cac1-462f-b6fb-c9718da356cf',sub-830794_ses-ecephys-830794-2026-01-26-12-02-05_ecephys,8.0,1.5,4,0.0,0.006993006993006993,8.460771484747097
b'9af19ba8-cac1-462f-b6fb-c9718da356cf',sub-830794_ses-ecephys-830794-2026-01-26-12-02-05_ecephys,8.0,1.0,3,0.7853981633974483,0.001998001998001998,7.976604652716376
b'9af19ba8-cac1-462f-b6fb-c9718da356cf',sub-830794_ses-ecephys-830794-2026-01-26-12-02-05_ecephys,7.666666666666667,1.6666666666666667,3,1.5707963267948966,0.000999000999000999,8.043221440661458
b'580f3322-73c2-4c17-8dde-c1b85ffc65e0',sub-830794_ses-ecephys-830794-2026-01-26-12-02-05_ecephys,7.571428571428571,1.2857142857142858,7,0.0,0.000999000999000999,4.180428611496559
b'580f3322-73c2-4c17-8dde-c1b85ffc65e0',sub-830794_ses-ecephys-830794-2026-01-26-12-02-05_ecephys,7.2,1.5,10,0.7853981633974483,0.000999000999000999,4.2254521919510974
b'580f3322-73c2-4c17-8dde-c1b85ffc65e0',sub-830794_ses-ecephys-830794-2026-01-26-12-02-05_ecephys,7.125,0.875,8,1.5707963267948966,0.000999000999000999,4.427133069970123
b'380c6f69-154d-4413-91b4-d2248854291a',sub-830794_ses-ecephys-830794-2026-01-26-12-02-05_ecephys,7.5,0.5,4,0.7853981633974483,0.012987012987012988,0.6950932508591307
b'380c6f69-154d-4413-91b4-d2248854291a',sub-830794_ses-ecephys-830794-2026-01-26-12-02-05_ecephys,8.0,1.0,1,1.5707963267948966,0.026973026973026972,0.6494527075376677
b'21e809ba-ab8a-4838-9c27-faa0ad84f8d0',sub-830794_ses-ecephys-830794-2026-01-26-12-02-05_ecephys,8.0,1.0,3,1.5707963267948966,0.03296703296703297,1.5375929347101287
b'b4afb68c-7534-4b69-ab41-6c5d91d73870',sub-830794_ses-ecephys-830794-2026-01-26-12-02-05_ecephys,0.0,2.0,1,1.5707963267948966,0.04195804195804196,0.09251485674705809
b'8d3bf166-52a6-420f-b94d-1541d5fa77fc',sub-830794_ses-ecephys-830794-2026-01-26-12-02-05_ecephys,4.0,4.0,81,0.0,0.000999000999000999,0.0
b'8d3bf166-52a6-420f-b94d-1541d5fa77fc',sub-830794_ses-ecephys-830794-2026-01-26-12-02-05_ecephys,4.0,4.0,81,0.7853981633974483,0.000999000999000999,0.0
b'8d3bf166-52a6-420f-b94d-1541d5fa77fc',sub-830794_ses-ecephys-830794-2026-01-26-12-02-05_ecephys,4.0,4.0,81,1.5707963267948966,0.000999000999000999,0.0
b'e46c8a73-af46-4355-8f17-ab7104932c8d',sub-830794_ses-ecephys-830794-2026-01-26-12-02-05_ecephys,6.888888888888889,0.7777777777777778,9,0.7853981633974483,0.023976023976023976,7.578177395895393
b'e46c8a73-af46-4355-8f17-ab7104932c8d',sub-830794_ses-ecephys-830794-2026-01-26-12-02-05_ecephys,7.0,1.0,9,1.5707963267948966,0.029970029970029972,7.422142149266628
b'b5e5613d-c113-4651-b5c8-6ba3a998f812',sub-830794_ses-ecephys-830794-2026-01-26-12-02-05_ecephys,3.0,3.0,1,1.5707963267948966,0.000999000999000999,0.009251434034845985
b'aa637931-d0ae-444d-9642-ab455cfd8320',sub-830794_ses-ecephys-830794-2026-01-26-12-02-05_ecephys,6.0,0.0,1,0.7853981633974483,0.001998001998001998,0.3423033957988316
b'5cc0826d-491e-4cf7-97e3-ee25c62e8615',sub-830794_ses-ecephys-830794-2026-01-26-12-02-05_ecephys,0.0,8.0,1,0.0,0.030969030969030968,0.12026939538953318
b'36e4846b-e001-4aff-8a88-57a5a27fbdbd',sub-830794_ses-ecephys-830794-2026-01-26-12-02-05_ecephys,8.0,1.0,3,0.0,0.005994005994005994,7.858192815635542
b'14226674-34b7-4633-877d-48b69dde1ef3',sub-830794_ses-ecephys-830794-2026-01-26-12-02-05_ecephys,2.5,2.0,2,0.7853981633974483,0.03696303696303696,0.08326330926380324
b'f42c637d-5306-4b22-a254-83cf10351d16',sub-830794_ses-ecephys-830794-2026-01-26-12-02-05_ecephys,6.75,0.75,4,0.0,0.001998001998001998,0.24115474464787964
b'f42c637d-5306-4b22-a254-83cf10351d16',sub-830794_ses-ecephys-830794-2026-01-26-12-02-05_ecephys,7.5,1.0,6,0.7853981633974483,0.000999000999000999,0.29666395782488614
b'ff47b031-9005-4e2f-9efa-b01a0a669acc',sub-830794_ses-ecephys-830794-2026-01-26-12-02-05_ecephys,7.333333333333333,0.6666666666666666,6,1.5707963267948966,0.001998001998001998,5.747626672407778
b'3cf46af3-a068-45ba-8363-e2fcac94e4e2',sub-830794_ses-ecephys-830794-2026-01-26-12-02-05_ecephys,4.0,4.0,81,0.0,0.000999000999000999,0.0
b'3cf46af3-a068-45ba-8363-e2fcac94e4e2',sub-830794_ses-ecephys-830794-2026-01-26-12-02-05_ecephys,4.0,4.0,81,0.7853981633974483,0.000999000999000999,0.0
b'3cf46af3-a068-45ba-8363-e2fcac94e4e2',sub-830794_ses-ecephys-830794-2026-01-26-12-02-05_ecephys,4.0,4.0,81,1.5707963267948966,0.000999000999000999,0.0
b'1cba7fd2-ed14-47a4-81ec-411f3a5b5681',sub-830794_ses-ecephys-830794-2026-01-26-12-02-05_ecephys,4.0,4.0,81,0.0,0.000999000999000999,0.0
b'1cba7fd2-ed14-47a4-81ec-411f3a5b5681',sub-830794_ses-ecephys-830794-2026-01-26-12-02-05_ecephys,4.0,4.0,81,0.7853981633974483,0.000999000999000999,0.0
b'1cba7fd2-ed14-47a4-81ec-411f3a5b5681',sub-830794_ses-ecephys-830794-2026-01-26-12-02-05_ecephys,4.0,4.0,81,1.5707963267948966,0.000999000999000999,0.0
b'2a085f92-ffc4-4e04-bc3d-fcc81cc9cc02',sub-830794_ses-ecephys-830794-2026-01-26-12-02-05_ecephys,7.75,1.0,4,0.0,0.004995004995004995,16.470687331345495
b'2a085f92-ffc4-4e04-bc3d-fcc81cc9cc02',sub-830794_ses-ecephys-830794-2026-01-26-12-02-05_ecephys,6.571428571428571,1.1428571428571428,14,0.7853981633974483,0.001998001998001998,17.19106443250743
b'2a085f92-ffc4-4e04-bc3d-fcc81cc9cc02',sub-830794_ses-ecephys-830794-2026-01-26-12-02-05_ecephys,7.6,0.8,5,1.5707963267948966,0.000999000999000999,16.745147977856885
b'43a4ce66-eebe-4ab6-ba9f-728bd2d2dfe7',sub-830794_ses-ecephys-830794-2026-01-26-12-02-05_ecephys,8.0,2.0,1,0.7853981633974483,0.013986013986013986,0.03700549640492856
b'8e1ee217-a1d3-4268-bddd-f1830dfe7f4d',sub-830794_ses-ecephys-830794-2026-01-26-12-02-05_ecephys,7.0,1.0,9,0.0,0.002997002997002997,10.806946309576519
b'8e1ee217-a1d3-4268-bddd-f1830dfe7f4d',sub-830794_ses-ecephys-830794-2026-01-26-12-02-05_ecephys,7.2,0.4,5,1.5707963267948966,0.000999000999000999,11.190572283262265
b'1614fa2f-24a9-406d-9a3b-bd26eafdba17',sub-830794_ses-ecephys-830794-2026-01-26-12-02-05_ecephys,2.0,1.0,1,0.0,0.000999000999000999,0.018502866210269673
b'1614fa2f-24a9-406d-9a3b-bd26eafdba17',sub-830794_ses-ecephys-830794-2026-01-26-12-02-05_ecephys,4.0,4.0,81,0.7853981633974483,0.000999000999000999,0.0
b'1614fa2f-24a9-406d-9a3b-bd26eafdba17',sub-830794_ses-ecephys-830794-2026-01-26-12-02-05_ecephys,3.0,2.0,1,1.5707963267948966,0.000999000999000999,0.009251434034845985
b'09a23628-4561-43f8-beb9-27dee9d76b9e',sub-830794_ses-ecephys-830794-2026-01-26-12-02-05_ecephys,0.0,4.0,1,0.0,0.011988011988011988,0.027754371591240556
b'09a23628-4561-43f8-beb9-27dee9d76b9e',sub-830794_ses-ecephys-830794-2026-01-26-12-02-05_ecephys,7.0,8.0,1,1.5707963267948966,0.000999000999000999,0.00925144954708357
b'3af38686-bab5-4fd1-91f1-57ed1a439544',sub-830794_ses-ecephys-830794-2026-01-26-12-02-05_ecephys,7.5,0.0,2,0.0,0.00999000999000999,10.66755032728904
b'ff7d1581-318e-4710-ac60-0550a575b6cd',sub-830794_ses-ecephys-830794-2026-01-26-12-02-05_ecephys,6.5,7.5,4,0.0,0.04395604395604396,0.5001959758192688
b'8c8a0cc2-3884-4736-8eac-adf3eaa4e9ae',sub-830794_ses-ecephys-830794-2026-01-26-12-02-05_ecephys,7.75,1.25,4,0.7853981633974483,0.02197802197802198,0.04625730914797298
b'8c8a0cc2-3884-4736-8eac-adf3eaa4e9ae',sub-830794_ses-ecephys-830794-2026-01-26-12-02-05_ecephys,8.0,2.0,1,1.5707963267948966,0.026973026973026972,0.15727510643930434
b'1b047b7a-693b-41a4-be30-94096e349d12',sub-830794_ses-ecephys-830794-2026-01-26-12-02-05_ecephys,4.0,4.0,81,0.0,0.000999000999000999,0.0
b'1b047b7a-693b-41a4-be30-94096e349d12',sub-830794_ses-ecephys-830794-2026-01-26-12-02-05_ecephys,4.0,4.0,81,0.7853981633974483,0.000999000999000999,0.0
b'1b047b7a-693b-41a4-be30-94096e349d12',sub-830794_ses-ecephys-830794-2026-01-26-12-02-05_ecephys,4.0,4.0,81,1.5707963267948966,0.000999000999000999,0.0
b'73ba42e1-4833-4b55-a646-20786b7940a4',sub-830794_ses-ecephys-830794-2026-01-26-12-02-05_ecephys,7.0,0.7142857142857143,7,0.0,0.000999000999000999,12.432733669285467
b'73ba42e1-4833-4b55-a646-20786b7940a4',sub-830794_ses-ecephys-830794-2026-01-26-12-02-05_ecephys,7.0,0.5,6,0.7853981633974483,0.000999000999000999,11.736401282064103
b'73ba42e1-4833-4b55-a646-20786b7940a4',sub-830794_ses-ecephys-830794-2026-01-26-12-02-05_ecephys,7.125,0.875,8,1.5707963267948966,0.000999000999000999,12.066992510609415
b'2ec0a490-18e9-4afa-84fc-68451ed10e25',sub-830794_ses-ecephys-830794-2026-01-26-12-02-05_ecephys,4.0,4.0,81,0.0,0.000999000999000999,0.0
b'2ec0a490-18e9-4afa-84fc-68451ed10e25',sub-830794_ses-ecephys-830794-2026-01-26-12-02-05_ecephys,4.0,4.0,81,0.7853981633974483,0.000999000999000999,0.0
b'2ec0a490-18e9-4afa-84fc-68451ed10e25',sub-830794_ses-ecephys-830794-2026-01-26-12-02-05_ecephys,4.0,4.0,81,1.5707963267948966,0.000999000999000999,0.0
b'3362e6b9-f92b-4236-9f07-1236d780c920',sub-830794_ses-ecephys-830794-2026-01-26-12-02-05_ecephys,2.0,1.0,1,0.0,0.04395604395604396,0.027754329252454506
b'3362e6b9-f92b-4236-9f07-1236d780c920',sub-830794_ses-ecephys-830794-2026-01-26-12-02-05_ecephys,0.0,6.0,3,1.5707963267948966,0.03696303696303696,0.02775433313047149
b'27478d76-11cf-4c17-890f-1323e49182a9',sub-830794_ses-ecephys-830794-2026-01-26-12-02-05_ecephys,7.571428571428571,1.2857142857142858,7,0.0,0.00999000999000999,2.1870472333482636
b'27478d76-11cf-4c17-890f-1323e49182a9',sub-830794_ses-ecephys-830794-2026-01-26-12-02-05_ecephys,7.666666666666667,0.3333333333333333,3,0.7853981633974483,0.001998001998001998,2.3726916936337936
b'27478d76-11cf-4c17-890f-1323e49182a9',sub-830794_ses-ecephys-830794-2026-01-26-12-02-05_ecephys,7.0,0.8333333333333334,6,1.5707963267948966,0.01898101898101898,2.1691587566568047
b'a8247594-4be6-43dd-b2e4-8989a3c5ec75',sub-830794_ses-ecephys-830794-2026-01-26-12-02-05_ecephys,7.5,1.0,6,0.0,0.03196803196803197,5.846923518190723
b'1e26c8d3-4687-4afc-b15e-65a712a6ddf7',sub-830794_ses-ecephys-830794-2026-01-26-12-02-05_ecephys,7.2,1.5,10,0.0,0.000999000999000999,12.51414905949869
b'1e26c8d3-4687-4afc-b15e-65a712a6ddf7',sub-830794_ses-ecephys-830794-2026-01-26-12-02-05_ecephys,7.125,0.875,8,0.7853981633974483,0.000999000999000999,12.461718596767557
b'1e26c8d3-4687-4afc-b15e-65a712a6ddf7',sub-830794_ses-ecephys-830794-2026-01-26-12-02-05_ecephys,7.5,1.0,6,1.5707963267948966,0.000999000999000999,12.95143171685953
b'6eb8d5c0-677c-4bc7-acbe-76ba7bea3d8e',sub-830794_ses-ecephys-830794-2026-01-26-12-02-05_ecephys,7.571428571428571,1.2857142857142858,7,0.0,0.000999000999000999,9.72575712939268
b'6eb8d5c0-677c-4bc7-acbe-76ba7bea3d8e',sub-830794_ses-ecephys-830794-2026-01-26-12-02-05_ecephys,7.428571428571429,1.0,7,0.7853981633974483,0.004995004995004995,10.366569440344078
b'6eb8d5c0-677c-4bc7-acbe-76ba7bea3d8e',sub-830794_ses-ecephys-830794-2026-01-26-12-02-05_ecephys,7.5,1.0,6,1.5707963267948966,0.000999000999000999,9.918802371561531
b'3bda0ab9-cb9f-4144-9fbf-9502ff0c8ef3',sub-830794_ses-ecephys-830794-2026-01-26-12-02-05_ecephys,4.0,4.0,81,1.5707963267948966,0.000999000999000999,0.0
b'9e201c20-a05c-4627-bdeb-08035fc7dee5',sub-830794_ses-ecephys-830794-2026-01-26-12-02-05_ecephys,4.0,4.0,81,0.7853981633974483,0.000999000999000999,0.0
b'61eea660-2db3-496a-a74c-08e27067e736',sub-830794_ses-ecephys-830794-2026-01-26-12-02-05_ecephys,6.5,0.5,4,0.7853981633974483,0.04395604395604396,2.8352637814670616
b'046108be-c0a3-430b-a767-41c2b5dea28a',sub-830794_ses-ecephys-830794-2026-01-26-12-02-05_ecephys,5.0,5.5,2,1.5707963267948966,0.04995004995004995,0.03762274636612686
b'50bd0c25-25a4-42a2-9f39-1180d6fc1a7f',sub-830794_ses-ecephys-830794-2026-01-26-12-02-05_ecephys,6.0,0.0,3,1.5707963267948966,0.001998001998001998,2.5503202478646005
b'c2adfec2-8382-457e-a846-ab7af297f80c',sub-830794_ses-ecephys-830794-2026-01-26-12-02-05_ecephys,3.0,0.0,1,1.5707963267948966,0.022977022977022976,0.07401154774154943
b'1797f53c-fc72-4ed1-9fd8-b7805c77fc52',sub-830794_ses-ecephys-830794-2026-01-26-12-02-05_ecephys,7.6,0.8,5,0.0,0.000999000999000999,9.361861680418684
b'1797f53c-fc72-4ed1-9fd8-b7805c77fc52',sub-830794_ses-ecephys-830794-2026-01-26-12-02-05_ecephys,6.857142857142857,1.4285714285714286,14,0.7853981633974483,0.000999000999000999,9.89968094000808
b'1797f53c-fc72-4ed1-9fd8-b7805c77fc52',sub-830794_ses-ecephys-830794-2026-01-26-12-02-05_ecephys,7.222222222222222,1.3333333333333333,9,1.5707963267948966,0.000999000999000999,9.149696228647498
b'ea9494fd-3e34-48a0-a087-5515b76c5a89',sub-830794_ses-ecephys-830794-2026-01-26-12-02-05_ecephys,4.0,4.0,81,0.0,0.000999000999000999,0.0
b'ea9494fd-3e34-48a0-a087-5515b76c5a89',sub-830794_ses-ecephys-830794-2026-01-26-12-02-05_ecephys,4.0,4.0,81,0.7853981633974483,0.000999000999000999,0.0
b'ea9494fd-3e34-48a0-a087-5515b76c5a89',sub-830794_ses-ecephys-830794-2026-01-26-12-02-05_ecephys,4.0,4.0,81,1.5707963267948966,0.000999000999000999,0.0
b'88f0414d-7d80-4af5-a9a4-3d5977ef10cc',sub-830794_ses-ecephys-830794-2026-01-26-12-02-05_ecephys,0.3333333333333333,3.8333333333333335,6,1.5707963267948966,0.022977022977022976,3.4995192343242585
b'ebf5e4cc-57d7-449b-92c9-d2649d428a95',sub-830794_ses-ecephys-830794-2026-01-26-12-02-05_ecephys,0.7142857142857143,5.0,7,0.0,0.011988011988011988,7.94268692077314
b'7fadedf4-bedb-4054-8a98-e95918887b7e',sub-830794_ses-ecephys-830794-2026-01-26-12-02-05_ecephys,8.0,0.5,2,1.5707963267948966,0.04495504495504495,3.140565524038011
b'8096b288-9145-4097-a9cf-8691b6fb8b4c',sub-830794_ses-ecephys-830794-2026-01-26-12-02-05_ecephys,4.0,4.0,1,1.5707963267948966,0.000999000999000999,0.009251434034845985
b'ffbda932-04ac-4f34-b4fb-3bc8b9342953',sub-830794_ses-ecephys-830794-2026-01-26-12-02-05_ecephys,4.0,4.0,81,0.0,0.000999000999000999,0.0
b'ffbda932-04ac-4f34-b4fb-3bc8b9342953',sub-830794_ses-ecephys-830794-2026-01-26-12-02-05_ecephys,4.0,4.0,81,0.7853981633974483,0.000999000999000999,0.0
b'ffbda932-04ac-4f34-b4fb-3bc8b9342953',sub-830794_ses-ecephys-830794-2026-01-26-12-02-05_ecephys,4.0,4.0,81,1.5707963267948966,0.000999000999000999,0.0
b'2a69bb8f-786e-4883-968e-38bab241a086',sub-830794_ses-ecephys-830794-2026-01-26-12-02-05_ecephys,6.714285714285714,0.42857142857142855,7,0.0,0.000999000999000999,6.3471192718265455
b'2a69bb8f-786e-4883-968e-38bab241a086',sub-830794_ses-ecephys-830794-2026-01-26-12-02-05_ecephys,7.083333333333333,1.4166666666666667,12,0.7853981633974483,0.016983016983016984,5.977062102728401
b'4d26774c-f851-4ed7-963b-804892d1e35d',sub-830794_ses-ecephys-830794-2026-01-26-12-02-05_ecephys,7.5,0.0,2,0.0,0.000999000999000999,5.934506875942336
b'4d26774c-f851-4ed7-963b-804892d1e35d',sub-830794_ses-ecephys-830794-2026-01-26-12-02-05_ecephys,6.909090909090909,1.3636363636363635,11,0.7853981633974483,0.000999000999000999,5.731587006582986
b'4d26774c-f851-4ed7-963b-804892d1e35d',sub-830794_ses-ecephys-830794-2026-01-26-12-02-05_ecephys,6.636363636363637,0.9090909090909091,11,1.5707963267948966,0.005994005994005994,5.985697627568595
b'32ffc22f-2870-46df-abda-da23448cbf33',sub-830794_ses-ecephys-830794-2026-01-26-12-02-05_ecephys,1.0,6.5,4,0.0,0.04495504495504495,6.973135003998395
b'c5fcbe13-3247-47ea-b3ea-89d5997006c0',sub-830794_ses-ecephys-830794-2026-01-26-12-02-05_ecephys,4.0,4.0,81,0.0,0.000999000999000999,0.0
b'c5fcbe13-3247-47ea-b3ea-89d5997006c0',sub-830794_ses-ecephys-830794-2026-01-26-12-02-05_ecephys,4.0,4.0,81,0.7853981633974483,0.000999000999000999,0.0
b'c5fcbe13-3247-47ea-b3ea-89d5997006c0',sub-830794_ses-ecephys-830794-2026-01-26-12-02-05_ecephys,4.0,4.0,81,1.5707963267948966,0.000999000999000999,0.0
b'abbc0aef-04ee-452a-8797-3c6106825705',sub-830794_ses-ecephys-830794-2026-01-26-12-02-05_ecephys,4.0,4.0,81,0.0,0.000999000999000999,0.0
b'abbc0aef-04ee-452a-8797-3c6106825705',sub-830794_ses-ecephys-830794-2026-01-26-12-02-05_ecephys,4.0,4.0,81,0.7853981633974483,0.000999000999000999,0.0
b'abbc0aef-04ee-452a-8797-3c6106825705',sub-830794_ses-ecephys-830794-2026-01-26-12-02-05_ecephys,4.0,4.0,81,1.5707963267948966,0.000999000999000999,0.0
b'fb8a5b6c-4e87-48e3-aa10-a6bf988e8ad5',sub-830794_ses-ecephys-830794-2026-01-26-12-02-05_ecephys,4.0,4.0,81,0.0,0.000999000999000999,0.0
b'fb8a5b6c-4e87-48e3-aa10-a6bf988e8ad5',sub-830794_ses-ecephys-830794-2026-01-26-12-02-05_ecephys,4.0,4.0,81,0.7853981633974483,0.000999000999000999,0.0
b'fb8a5b6c-4e87-48e3-aa10-a6bf988e8ad5',sub-830794_ses-ecephys-830794-2026-01-26-12-02-05_ecephys,4.0,4.0,81,1.5707963267948966,0.000999000999000999,0.0
b'e5c76546-bf0a-48fa-b9e4-5906f61a6f2b',sub-830794_ses-ecephys-830794-2026-01-26-12-02-05_ecephys,4.0,4.0,81,0.0,0.000999000999000999,0.0
b'e5c76546-bf0a-48fa-b9e4-5906f61a6f2b',sub-830794_ses-ecephys-830794-2026-01-26-12-02-05_ecephys,4.0,4.0,81,1.5707963267948966,0.000999000999000999,0.0
b'177db9b8-7e6e-4aec-bc42-e36055602a8d',sub-830794_ses-ecephys-830794-2026-01-26-12-02-05_ecephys,3.6666666666666665,0.3333333333333333,3,1.5707963267948966,0.03296703296703297,0.5273333531451586
b'3b0b4389-6bc6-4324-a9f4-238c33252a0f',sub-830794_ses-ecephys-830794-2026-01-26-12-02-05_ecephys,4.0,4.0,81,0.0,0.000999000999000999,0.0
b'3b0b4389-6bc6-4324-a9f4-238c33252a0f',sub-830794_ses-ecephys-830794-2026-01-26-12-02-05_ecephys,4.0,4.0,81,0.7853981633974483,0.000999000999000999,0.0
b'3b0b4389-6bc6-4324-a9f4-238c33252a0f',sub-830794_ses-ecephys-830794-2026-01-26-12-02-05_ecephys,4.0,4.0,81,1.5707963267948966,0.000999000999000999,0.0
b'ca9cb704-78aa-42fc-b70e-4653ef385e22',sub-830794_ses-ecephys-830794-2026-01-26-12-02-05_ecephys,4.0,4.0,81,0.0,0.000999000999000999,0.0
b'ca9cb704-78aa-42fc-b70e-4653ef385e22',sub-830794_ses-ecephys-830794-2026-01-26-12-02-05_ecephys,4.0,4.0,81,0.7853981633974483,0.000999000999000999,0.0
b'ca9cb704-78aa-42fc-b70e-4653ef385e22',sub-830794_ses-ecephys-830794-2026-01-26-12-02-05_ecephys,4.0,4.0,81,1.5707963267948966,0.000999000999000999,0.0
b'9669305e-7e90-4cc0-bb5f-2c53cf83d56a',sub-830794_ses-ecephys-830794-2026-01-26-12-02-05_ecephys,4.0,4.0,81,0.0,0.000999000999000999,0.0
b'9669305e-7e90-4cc0-bb5f-2c53cf83d56a',sub-830794_ses-ecephys-830794-2026-01-26-12-02-05_ecephys,4.0,4.0,81,0.7853981633974483,0.000999000999000999,0.0
b'9669305e-7e90-4cc0-bb5f-2c53cf83d56a',sub-830794_ses-ecephys-830794-2026-01-26-12-02-05_ecephys,4.0,4.0,81,1.5707963267948966,0.000999000999000999,0.0
b'b9f56e92-9cc7-4479-8924-e13b2d3d0372',sub-830794_ses-ecephys-830794-2026-01-26-12-02-05_ecephys,4.0,4.0,81,0.0,0.000999000999000999,0.0
b'b9f56e92-9cc7-4479-8924-e13b2d3d0372',sub-830794_ses-ecephys-830794-2026-01-26-12-02-05_ecephys,4.0,4.0,81,0.7853981633974483,0.000999000999000999,0.0
b'b9f56e92-9cc7-4479-8924-e13b2d3d0372',sub-830794_ses-ecephys-830794-2026-01-26-12-02-05_ecephys,4.0,4.0,81,1.5707963267948966,0.000999000999000999,0.0
b'6891475f-42b1-40b9-beeb-282406755f17',sub-830794_ses-ecephys-830794-2026-01-26-12-02-05_ecephys,4.0,4.0,81,0.0,0.000999000999000999,0.0
b'6891475f-42b1-40b9-beeb-282406755f17',sub-830794_ses-ecephys-830794-2026-01-26-12-02-05_ecephys,4.0,4.0,81,0.7853981633974483,0.000999000999000999,0.0
b'6891475f-42b1-40b9-beeb-282406755f17',sub-830794_ses-ecephys-830794-2026-01-26-12-02-05_ecephys,4.0,4.0,81,1.5707963267948966,0.000999000999000999,0.0
b'576c72e2-395c-422d-9c3a-aea1706d9dbf',sub-830794_ses-ecephys-830794-2026-01-26-12-02-05_ecephys,4.0,4.0,81,0.0,0.000999000999000999,0.0
b'576c72e2-395c-422d-9c3a-aea1706d9dbf',sub-830794_ses-ecephys-830794-2026-01-26-12-02-05_ecephys,4.0,4.0,81,0.7853981633974483,0.000999000999000999,0.0
b'576c72e2-395c-422d-9c3a-aea1706d9dbf',sub-830794_ses-ecephys-830794-2026-01-26-12-02-05_ecephys,4.0,4.0,81,1.5707963267948966,0.000999000999000999,0.0
b'4386dc22-49a0-446f-a1d9-c8cd6872cd6e',sub-830794_ses-ecephys-830794-2026-01-26-12-02-05_ecephys,4.0,4.0,81,0.0,0.000999000999000999,0.0
b'4386dc22-49a0-446f-a1d9-c8cd6872cd6e',sub-830794_ses-ecephys-830794-2026-01-26-12-02-05_ecephys,4.0,4.0,81,0.7853981633974483,0.000999000999000999,0.0
b'4386dc22-49a0-446f-a1d9-c8cd6872cd6e',sub-830794_ses-ecephys-830794-2026-01-26-12-02-05_ecephys,4.0,4.0,81,1.5707963267948966,0.000999000999000999,0.0
b'ff89a2cb-d31c-41ed-894b-ff17b82fa039',sub-830794_ses-ecephys-830794-2026-01-26-12-02-05_ecephys,4.0,4.0,81,0.0,0.000999000999000999,0.0
b'ff89a2cb-d31c-41ed-894b-ff17b82fa039',sub-830794_ses-ecephys-830794-2026-01-26-12-02-05_ecephys,4.0,4.0,81,0.7853981633974483,0.000999000999000999,0.0
b'ff89a2cb-d31c-41ed-894b-ff17b82fa039',sub-830794_ses-ecephys-830794-2026-01-26-12-02-05_ecephys,4.0,4.0,81,1.5707963267948966,0.000999000999000999,0.0
b'a4a1dfa9-53c8-445e-a22c-e328b75a3940',sub-830794_ses-ecephys-830794-2026-01-26-12-02-05_ecephys,4.0,4.0,81,0.0,0.000999000999000999,0.0
b'a4a1dfa9-53c8-445e-a22c-e328b75a3940',sub-830794_ses-ecephys-830794-2026-01-26-12-02-05_ecephys,4.0,4.0,81,0.7853981633974483,0.000999000999000999,0.0
b'a4a1dfa9-53c8-445e-a22c-e328b75a3940',sub-830794_ses-ecephys-830794-2026-01-26-12-02-05_ecephys,4.0,4.0,81,1.5707963267948966,0.000999000999000999,0.0
b'042ac84c-68ae-43de-9968-defeaeaa1ca1',sub-830794_ses-ecephys-830794-2026-01-26-12-02-05_ecephys,4.0,4.0,81,0.0,0.000999000999000999,0.0
b'042ac84c-68ae-43de-9968-defeaeaa1ca1',sub-830794_ses-ecephys-830794-2026-01-26-12-02-05_ecephys,4.0,4.0,81,0.7853981633974483,0.000999000999000999,0.0
b'042ac84c-68ae-43de-9968-defeaeaa1ca1',sub-830794_ses-ecephys-830794-2026-01-26-12-02-05_ecephys,4.0,4.0,81,1.5707963267948966,0.000999000999000999,0.0
b'67e7c508-2b44-48a1-823f-11af48dc8547',sub-830794_ses-ecephys-830794-2026-01-26-12-02-05_ecephys,4.0,4.0,81,0.0,0.000999000999000999,0.0
b'67e7c508-2b44-48a1-823f-11af48dc8547',sub-830794_ses-ecephys-830794-2026-01-26-12-02-05_ecephys,4.0,4.0,81,0.7853981633974483,0.000999000999000999,0.0
b'67e7c508-2b44-48a1-823f-11af48dc8547',sub-830794_ses-ecephys-830794-2026-01-26-12-02-05_ecephys,4.0,4.0,81,1.5707963267948966,0.000999000999000999,0.0
b'd2f36383-e780-47db-afa3-4019a3124773',sub-830794_ses-ecephys-830794-2026-01-26-12-02-05_ecephys,4.0,4.0,81,0.0,0.000999000999000999,0.0
b'd2f36383-e780-47db-afa3-4019a3124773',sub-830794_ses-ecephys-830794-2026-01-26-12-02-05_ecephys,4.0,4.0,81,0.7853981633974483,0.000999000999000999,0.0
b'd2f36383-e780-47db-afa3-4019a3124773',sub-830794_ses-ecephys-830794-2026-01-26-12-02-05_ecephys,4.0,4.0,81,1.5707963267948966,0.000999000999000999,0.0
b'1584bc42-ea39-4fc8-bf8e-ca6ca96cc226',sub-830794_ses-ecephys-830794-2026-01-26-12-02-05_ecephys,4.0,4.0,81,0.0,0.000999000999000999,0.0
b'1584bc42-ea39-4fc8-bf8e-ca6ca96cc226',sub-830794_ses-ecephys-830794-2026-01-26-12-02-05_ecephys,4.0,4.0,81,0.7853981633974483,0.000999000999000999,0.0
b'1584bc42-ea39-4fc8-bf8e-ca6ca96cc226',sub-830794_ses-ecephys-830794-2026-01-26-12-02-05_ecephys,4.0,4.0,81,1.5707963267948966,0.000999000999000999,0.0
b'75273b02-f5e1-4599-8164-a5e6ad8fe9e1',sub-830794_ses-ecephys-830794-2026-01-26-12-02-05_ecephys,4.0,4.0,81,0.0,0.000999000999000999,0.0
b'75273b02-f5e1-4599-8164-a5e6ad8fe9e1',sub-830794_ses-ecephys-830794-2026-01-26-12-02-05_ecephys,2.0,5.0,1,0.7853981633974483,0.000999000999000999,0.009251434034845985
b'75273b02-f5e1-4599-8164-a5e6ad8fe9e1',sub-830794_ses-ecephys-830794-2026-01-26-12-02-05_ecephys,4.0,4.0,81,1.5707963267948966,0.000999000999000999,0.0
b'88277528-149b-44fa-8e38-ef2bda1f8659',sub-830794_ses-ecephys-830794-2026-01-26-12-02-05_ecephys,4.0,4.0,81,0.0,0.000999000999000999,0.0
b'88277528-149b-44fa-8e38-ef2bda1f8659',sub-830794_ses-ecephys-830794-2026-01-26-12-02-05_ecephys,4.0,4.0,81,0.7853981633974483,0.000999000999000999,0.0
b'88277528-149b-44fa-8e38-ef2bda1f8659',sub-830794_ses-ecephys-830794-2026-01-26-12-02-05_ecephys,4.0,4.0,81,1.5707963267948966,0.000999000999000999,0.0
b'8a94ecf2-3679-4bfe-850b-c2263c0cb68a',sub-830794_ses-ecephys-830794-2026-01-26-12-02-05_ecephys,5.631578947368421,3.8947368421052633,19,1.5707963267948966,0.04695304695304695,7.4387909216831645
b'c6471fb8-65b0-4133-9dc8-c7efb250876a',sub-830794_ses-ecephys-830794-2026-01-26-12-02-05_ecephys,0.5714285714285714,1.2857142857142858,7,1.5707963267948966,0.04895104895104895,1.3439282079400499
b'661e6cb2-2bc2-4f1a-826a-7f45a30a954e',sub-830794_ses-ecephys-830794-2026-01-26-12-02-05_ecephys,4.0,4.0,81,0.0,0.000999000999000999,0.0
b'661e6cb2-2bc2-4f1a-826a-7f45a30a954e',sub-830794_ses-ecephys-830794-2026-01-26-12-02-05_ecephys,4.0,4.0,81,0.7853981633974483,0.000999000999000999,0.0
b'661e6cb2-2bc2-4f1a-826a-7f45a30a954e',sub-830794_ses-ecephys-830794-2026-01-26-12-02-05_ecephys,4.0,4.0,81,1.5707963267948966,0.000999000999000999,0.0
