unit_id,delay,duration,abs_max_value
0,0.0,0.0,0.09630975127220154
0,0.0,0.1,0.09630975127220154
0,0.0,0.2,0.09696491807699203
0,0.03,0.0,0.08303658664226532
0,0.03,0.1,0.08303658664226532
0,0.03,0.2,0.08560360223054886
0,0.06,0.0,0.08740642666816711
0,0.06,0.1,0.08740642666816711
0,0.06,0.2,0.08676990121603012
0,0.09,0.0,0.08008863031864166
0,0.09,0.1,0.08008863031864166
0,0.09,0.2,0.08736857026815414
0,0.12,0.0,0.08699016273021698
0,0.12,0.1,0.08699016273021698
0,0.12,0.2,0.08431181311607361
0,0.15,0.0,0.09039420634508133
0,0.15,0.1,0.09039420634508133
0,0.15,0.2,0.07549791783094406
1,0.0,0.0,0.10422829538583755
1,0.0,0.1,0.10422829538583755
1,0.0,0.2,0.10590949654579163
1,0.03,0.0,0.08986125141382217
1,0.03,0.1,0.08986125141382217
1,0.03,0.2,0.11675067991018295
1,0.06,0.0,0.0853540450334549
1,0.06,0.1,0.0853540450334549
1,0.06,0.2,0.08796346932649612
1,0.09,0.0,0.08434159308671951
1,0.09,0.1,0.08434159308671951
1,0.09,0.2,0.09794699400663376
1,0.12,0.0,0.08685151487588882
1,0.12,0.1,0.08685151487588882
1,0.12,0.2,0.0944938063621521
1,0.15,0.0,0.08284402638673782
1,0.15,0.1,0.08284402638673782
1,0.15,0.2,0.10117723047733307
10,0.0,0.0,0.08122891932725906
10,0.0,0.1,0.08122891932725906
10,0.0,0.2,0.09078560769557953
10,0.03,0.0,0.07504674047231674
10,0.03,0.1,0.07504674047231674
10,0.03,0.2,0.07754234224557877
10,0.06,0.0,0.08949682116508484
10,0.06,0.1,0.08949682116508484
10,0.06,0.2,0.08632530272006989
10,0.09,0.0,0.08673743158578873
10,0.09,0.1,0.08673743158578873
10,0.09,0.2,0.08470310270786285
10,0.12,0.0,0.08450556546449661
10,0.12,0.1,0.08450556546449661
10,0.12,0.2,0.0878211185336113
10,0.15,0.0,0.08758958429098129
10,0.15,0.1,0.08758958429098129
10,0.15,0.2,0.07835061103105545
100,0.0,0.0,0.10701201856136322
100,0.0,0.1,0.10701201856136322
100,0.0,0.2,0.10564802587032318
100,0.03,0.0,0.10612018406391144
100,0.03,0.1,0.10612018406391144
100,0.03,0.2,0.12110976874828339
100,0.06,0.0,0.11644560843706131
100,0.06,0.1,0.11644560843706131
100,0.06,0.2,0.12204070389270782
100,0.09,0.0,0.11873813718557358
100,0.09,0.1,0.11873813718557358
100,0.09,0.2,0.12441357225179672
100,0.12,0.0,0.14569787681102753
100,0.12,0.1,0.14569787681102753
100,0.12,0.2,0.1290825605392456
100,0.15,0.0,0.13055233657360077
100,0.15,0.1,0.13055233657360077
100,0.15,0.2,0.1292612999677658
101,0.0,0.0,0.08943381905555725
101,0.0,0.1,0.08943381905555725
101,0.0,0.2,0.08536531031131744
101,0.03,0.0,0.08314511179924011
101,0.03,0.1,0.08314511179924011
101,0.03,0.2,0.08181152492761612
101,0.06,0.0,0.08444665372371674
101,0.06,0.1,0.08444665372371674
101,0.06,0.2,0.09652229398488998
101,0.09,0.0,0.0754847526550293
101,0.09,0.1,0.0754847526550293
101,0.09,0.2,0.08218162506818771
101,0.12,0.0,0.08623656630516052
101,0.12,0.1,0.08623656630516052
101,0.12,0.2,0.08824019134044647
101,0.15,0.0,0.08499666303396225
101,0.15,0.1,0.08499666303396225
101,0.15,0.2,0.07811594754457474
102,0.0,0.0,0.145389586687088
102,0.0,0.1,0.145389586687088
102,0.0,0.2,0.17108678817749023
102,0.03,0.0,0.14767460525035858
102,0.03,0.1,0.14767460525035858
102,0.03,0.2,0.11665161699056625
102,0.06,0.0,0.13784392178058624
102,0.06,0.1,0.13784392178058624
102,0.06,0.2,0.13273237645626068
102,0.09,0.0,0.13523925840854645
102,0.09,0.1,0.13523925840854645
102,0.09,0.2,0.14062000811100006
102,0.12,0.0,0.12459152936935425
102,0.12,0.1,0.12459152936935425
102,0.12,0.2,0.1394529789686203
102,0.15,0.0,0.12867482006549835
102,0.15,0.1,0.12867482006549835
102,0.15,0.2,0.13277482986450195
103,0.0,0.0,0.09034640341997147
103,0.0,0.1,0.09034640341997147
103,0.0,0.2,0.11617165803909302
103,0.03,0.0,0.09146106243133545
103,0.03,0.1,0.09146106243133545
103,0.03,0.2,0.10376584529876709
103,0.06,0.0,0.09416807442903519
103,0.06,0.1,0.09416807442903519
103,0.06,0.2,0.10065872967243195
103,0.09,0.0,0.09802128374576569
103,0.09,0.1,0.09802128374576569
103,0.09,0.2,0.1050495058298111
103,0.12,0.0,0.10498873889446259
103,0.12,0.1,0.10498873889446259
103,0.12,0.2,0.1053285226225853
103,0.15,0.0,0.10406078398227692
103,0.15,0.1,0.10406078398227692
103,0.15,0.2,0.10965487360954285
104,0.0,0.0,0.10535900294780731
104,0.0,0.1,0.10535900294780731
104,0.0,0.2,0.10441426187753677
104,0.03,0.0,0.101569265127182
104,0.03,0.1,0.101569265127182
104,0.03,0.2,0.09964311122894287
104,0.06,0.0,0.09352869540452957
104,0.06,0.1,0.09352869540452957
104,0.06,0.2,0.08540728688240051
104,0.09,0.0,0.08498718589544296
104,0.09,0.1,0.08498718589544296
104,0.09,0.2,0.08557160198688507
104,0.12,0.0,0.09881243109703064
104,0.12,0.1,0.09881243109703064
104,0.12,0.2,0.09818011522293091
104,0.15,0.0,0.0857367292046547
104,0.15,0.1,0.0857367292046547
104,0.15,0.2,0.08796494454145432
105,0.0,0.0,0.08562710136175156
105,0.0,0.1,0.08562710136175156
105,0.0,0.2,0.09672875702381134
105,0.03,0.0,0.09231460839509964
105,0.03,0.1,0.09231460839509964
105,0.03,0.2,0.1055968850851059
105,0.06,0.0,0.11990610510110855
105,0.06,0.1,0.11990610510110855
105,0.06,0.2,0.12107295542955399
105,0.09,0.0,0.10088352113962173
105,0.09,0.1,0.10088352113962173
105,0.09,0.2,0.08936775475740433
105,0.12,0.0,0.10358990728855133
105,0.12,0.1,0.10358990728855133
105,0.12,0.2,0.09435921907424927
105,0.15,0.0,0.1168595403432846
105,0.15,0.1,0.1168595403432846
105,0.15,0.2,0.1042119637131691
106,0.0,0.0,0.0994025394320488
106,0.0,0.1,0.0994025394320488
106,0.0,0.2,0.1043119728565216
106,0.03,0.0,0.08994891494512558
106,0.03,0.1,0.08994891494512558
106,0.03,0.2,0.11819985508918762
106,0.06,0.0,0.10059213638305664
106,0.06,0.1,0.10059213638305664
106,0.06,0.2,0.10651242733001709
106,0.09,0.0,0.10672225803136826
106,0.09,0.1,0.10672225803136826
106,0.09,0.2,0.11205119639635086
106,0.12,0.0,0.09971597045660019
106,0.12,0.1,0.09971597045660019
106,0.12,0.2,0.09783359616994858
106,0.15,0.0,0.09543868154287338
106,0.15,0.1,0.09543868154287338
106,0.15,0.2,0.11740966141223907
107,0.0,0.0,0.08767466247081757
107,0.0,0.1,0.08767466247081757
107,0.0,0.2,0.09511157870292664
107,0.03,0.0,0.10437024384737015
107,0.03,0.1,0.10437024384737015
107,0.03,0.2,0.09719857573509216
107,0.06,0.0,0.09521180391311646
107,0.06,0.1,0.09521180391311646
107,0.06,0.2,0.10033763945102692
107,0.09,0.0,0.08668464422225952
107,0.09,0.1,0.08668464422225952
107,0.09,0.2,0.09198443591594696
107,0.12,0.0,0.08192448318004608
107,0.12,0.1,0.08192448318004608
107,0.12,0.2,0.09749700874090195
107,0.15,0.0,0.09361311048269272
107,0.15,0.1,0.09361311048269272
107,0.15,0.2,0.108946792781353
108,0.0,0.0,0.08069683611392975
108,0.0,0.1,0.08069683611392975
108,0.0,0.2,0.08306851983070374
108,0.03,0.0,0.07567495107650757
108,0.03,0.1,0.07567495107650757
108,0.03,0.2,0.08049927651882172
108,0.06,0.0,0.07808501273393631
108,0.06,0.1,0.07808501273393631
108,0.06,0.2,0.08565011620521545
108,0.09,0.0,0.0858955830335617
108,0.09,0.1,0.0858955830335617
108,0.09,0.2,0.08056342601776123
108,0.12,0.0,0.07929720729589462
108,0.12,0.1,0.07929720729589462
108,0.12,0.2,0.08114897459745407
108,0.15,0.0,0.08524033427238464
108,0.15,0.1,0.08524033427238464
108,0.15,0.2,0.07802638411521912
109,0.0,0.0,0.1728028953075409
109,0.0,0.1,0.1728028953075409
109,0.0,0.2,0.16725535690784454
109,0.03,0.0,0.17160707712173462
109,0.03,0.1,0.17160707712173462
109,0.03,0.2,0.1298437863588333
109,0.06,0.0,0.18051138520240784
109,0.06,0.1,0.18051138520240784
109,0.06,0.2,0.14182451367378235
109,0.09,0.0,0.16326351463794708
109,0.09,0.1,0.16326351463794708
109,0.09,0.2,0.14570026099681854
109,0.12,0.0,0.1495550572872162
109,0.12,0.1,0.1495550572872162
109,0.12,0.2,0.16354092955589294
109,0.15,0.0,0.15372636914253235
109,0.15,0.1,0.15372636914253235
109,0.15,0.2,0.16354839503765106
11,0.0,0.0,0.10406903177499771
11,0.0,0.1,0.10406903177499771
11,0.0,0.2,0.14816023409366608
11,0.03,0.0,0.12299967557191849
11,0.03,0.1,0.12299967557191849
11,0.03,0.2,0.17025569081306458
11,0.06,0.0,0.1452033370733261
11,0.06,0.1,0.1452033370733261
11,0.06,0.2,0.17105482518672943
11,0.09,0.0,0.12227445095777512
11,0.09,0.1,0.12227445095777512
11,0.09,0.2,0.14768444001674652
11,0.12,0.0,0.12558065354824066
11,0.12,0.1,0.12558065354824066
11,0.12,0.2,0.1502249836921692
11,0.15,0.0,0.12860696017742157
11,0.15,0.1,0.12860696017742157
11,0.15,0.2,0.16150113940238953
110,0.0,0.0,0.10216790437698364
110,0.0,0.1,0.10216790437698364
110,0.0,0.2,0.12247170507907867
110,0.03,0.0,0.10612870752811432
110,0.03,0.1,0.10612870752811432
110,0.03,0.2,0.1024584025144577
110,0.06,0.0,0.13708144426345825
110,0.06,0.1,0.13708144426345825
110,0.06,0.2,0.12583620846271515
110,0.09,0.0,0.10920332372188568
110,0.09,0.1,0.10920332372188568
110,0.09,0.2,0.1051979511976242
110,0.12,0.0,0.1022644117474556
110,0.12,0.1,0.1022644117474556
110,0.12,0.2,0.10264284908771515
110,0.15,0.0,0.11068032681941986
110,0.15,0.1,0.11068032681941986
110,0.15,0.2,0.09863543510437012
111,0.0,0.0,0.10613740235567093
111,0.0,0.1,0.10613740235567093
111,0.0,0.2,0.10328628122806549
111,0.03,0.0,0.08776211738586426
111,0.03,0.1,0.08776211738586426
111,0.03,0.2,0.10111849755048752
111,0.06,0.0,0.09312128275632858
111,0.06,0.1,0.09312128275632858
111,0.06,0.2,0.11534888297319412
111,0.09,0.0,0.10748147964477539
111,0.09,0.1,0.10748147964477539
111,0.09,0.2,0.11193637549877167
111,0.12,0.0,0.09938769042491913
111,0.12,0.1,0.09938769042491913
111,0.12,0.2,0.1100873127579689
111,0.15,0.0,0.10387260466814041
111,0.15,0.1,0.10387260466814041
111,0.15,0.2,0.10513313859701157
112,0.0,0.0,0.0972532331943512
112,0.0,0.1,0.0972532331943512
112,0.0,0.2,0.10822155326604843
112,0.03,0.0,0.10883651673793793
112,0.03,0.1,0.10883651673793793
112,0.03,0.2,0.09359784424304962
112,0.06,0.0,0.11175685375928879
112,0.06,0.1,0.11175685375928879
112,0.06,0.2,0.107582226395607
112,0.09,0.0,0.10139507800340652
112,0.09,0.1,0.10139507800340652
112,0.09,0.2,0.10007394105195999
112,0.12,0.0,0.0984368771314621
112,0.12,0.1,0.0984368771314621
112,0.12,0.2,0.10941766947507858
112,0.15,0.0,0.10313611477613449
112,0.15,0.1,0.10313611477613449
112,0.15,0.2,0.11030973494052887
113,0.0,0.0,0.11035720258951187
113,0.0,0.1,0.11035720258951187
113,0.0,0.2,0.1286216378211975
113,0.03,0.0,0.1124064102768898
113,0.03,0.1,0.1124064102768898
113,0.03,0.2,0.10821327567100525
113,0.06,0.0,0.1083676740527153
113,0.06,0.1,0.1083676740527153
113,0.06,0.2,0.11146149039268494
113,0.09,0.0,0.10809098184108734
113,0.09,0.1,0.10809098184108734
113,0.09,0.2,0.12876902520656586
113,0.12,0.0,0.10302779078483582
113,0.12,0.1,0.10302779078483582
113,0.12,0.2,0.12712332606315613
113,0.15,0.0,0.11019632965326309
113,0.15,0.1,0.11019632965326309
113,0.15,0.2,0.12592767179012299
114,0.0,0.0,0.11612625420093536
114,0.0,0.1,0.11612625420093536
114,0.0,0.2,0.11878040432929993
114,0.03,0.0,0.09700638800859451
114,0.03,0.1,0.09700638800859451
114,0.03,0.2,0.09984955191612244
114,0.06,0.0,0.10051099210977554
114,0.06,0.1,0.10051099210977554
114,0.06,0.2,0.12621676921844482
114,0.09,0.0,0.09789988398551941
114,0.09,0.1,0.09789988398551941
114,0.09,0.2,0.12845072150230408
114,0.12,0.0,0.11878487467765808
114,0.12,0.1,0.11878487467765808
114,0.12,0.2,0.1224709004163742
114,0.15,0.0,0.14846092462539673
114,0.15,0.1,0.14846092462539673
114,0.15,0.2,0.12142334133386612
115,0.0,0.0,0.09706398099660873
115,0.0,0.1,0.09706398099660873
115,0.0,0.2,0.09770099818706512
115,0.03,0.0,0.09125387668609619
115,0.03,0.1,0.09125387668609619
115,0.03,0.2,0.10995975136756897
115,0.06,0.0,0.09844767302274704
115,0.06,0.1,0.09844767302274704
115,0.06,0.2,0.11661801487207413
115,0.09,0.0,0.10829672962427139
115,0.09,0.1,0.10829672962427139
115,0.09,0.2,0.10461381822824478
115,0.12,0.0,0.10024657100439072
115,0.12,0.1,0.10024657100439072
115,0.12,0.2,0.11427982896566391
115,0.15,0.0,0.10591133683919907
115,0.15,0.1,0.10591133683919907
115,0.15,0.2,0.08822281658649445
116,0.0,0.0,0.10691452026367188
116,0.0,0.1,0.10691452026367188
116,0.0,0.2,0.10042125731706619
116,0.03,0.0,0.0972050279378891
116,0.03,0.1,0.0972050279378891
116,0.03,0.2,0.10315876454114914
116,0.06,0.0,0.10726115107536316
116,0.06,0.1,0.10726115107536316
116,0.06,0.2,0.12074091285467148
116,0.09,0.0,0.11617130041122437
116,0.09,0.1,0.11617130041122437
116,0.09,0.2,0.10604313015937805
116,0.12,0.0,0.1106291338801384
116,0.12,0.1,0.1106291338801384
116,0.12,0.2,0.15559476613998413
116,0.15,0.0,0.10792478919029236
116,0.15,0.1,0.10792478919029236
116,0.15,0.2,0.10773500055074692
117,0.0,0.0,0.0792631134390831
117,0.0,0.1,0.0792631134390831
117,0.0,0.2,0.09658289700746536
117,0.03,0.0,0.09770810604095459
117,0.03,0.1,0.09770810604095459
117,0.03,0.2,0.09691499173641205
117,0.06,0.0,0.09017691016197205
117,0.06,0.1,0.09017691016197205
117,0.06,0.2,0.09175730496644974
117,0.09,0.0,0.09444362670183182
117,0.09,0.1,0.09444362670183182
117,0.09,0.2,0.08755449950695038
117,0.12,0.0,0.0965808779001236
117,0.12,0.1,0.0965808779001236
117,0.12,0.2,0.09079783409833908
117,0.15,0.0,0.08888698369264603
117,0.15,0.1,0.08888698369264603
117,0.15,0.2,0.08591759204864502
118,0.0,0.0,0.1298549920320511
118,0.0,0.1,0.1298549920320511
118,0.0,0.2,0.1312876045703888
118,0.03,0.0,0.13031722605228424
118,0.03,0.1,0.13031722605228424
118,0.03,0.2,0.13824951648712158
118,0.06,0.0,0.13487154245376587
118,0.06,0.1,0.13487154245376587
118,0.06,0.2,0.13293388485908508
118,0.09,0.0,0.1357589066028595
118,0.09,0.1,0.1357589066028595
118,0.09,0.2,0.15333619713783264
118,0.12,0.0,0.12265487015247345
118,0.12,0.1,0.12265487015247345
118,0.12,0.2,0.11901872605085373
118,0.15,0.0,0.11929626762866974
118,0.15,0.1,0.11929626762866974
118,0.15,0.2,0.11685919016599655
119,0.0,0.0,0.10971380025148392
119,0.0,0.1,0.10971380025148392
119,0.0,0.2,0.12442295998334885
119,0.03,0.0,0.11345437914133072
119,0.03,0.1,0.11345437914133072
119,0.03,0.2,0.11607564240694046
119,0.06,0.0,0.12559451162815094
119,0.06,0.1,0.12559451162815094
119,0.06,0.2,0.11221826821565628
119,0.09,0.0,0.1206459030508995
119,0.09,0.1,0.1206459030508995
119,0.09,0.2,0.11499598622322083
119,0.12,0.0,0.12766583263874054
119,0.12,0.1,0.12766583263874054
119,0.12,0.2,0.13132812082767487
119,0.15,0.0,0.1467558741569519
119,0.15,0.1,0.1467558741569519
119,0.15,0.2,0.1331566572189331
12,0.0,0.0,0.11922535300254822
12,0.0,0.1,0.11922535300254822
12,0.0,0.2,0.1016852930188179
12,0.03,0.0,0.10121586173772812
12,0.03,0.1,0.10121586173772812
12,0.03,0.2,0.09780993312597275
12,0.06,0.0,0.1068626195192337
12,0.06,0.1,0.1068626195192337
12,0.06,0.2,0.09655342251062393
12,0.09,0.0,0.10692895948886871
12,0.09,0.1,0.10692895948886871
12,0.09,0.2,0.12697532773017883
12,0.12,0.0,0.10838892310857773
12,0.12,0.1,0.10838892310857773
12,0.12,0.2,0.10659666359424591
12,0.15,0.0,0.09871535748243332
12,0.15,0.1,0.09871535748243332
12,0.15,0.2,0.09635533392429352
120,0.0,0.0,0.10120394825935364
120,0.0,0.1,0.10120394825935364
120,0.0,0.2,0.08903766423463821
120,0.03,0.0,0.10214614123106003
120,0.03,0.1,0.10214614123106003
120,0.03,0.2,0.09583969414234161
120,0.06,0.0,0.0965331420302391
120,0.06,0.1,0.0965331420302391
120,0.06,0.2,0.10734210908412933
120,0.09,0.0,0.08373656868934631
120,0.09,0.1,0.08373656868934631
120,0.09,0.2,0.08852638304233551
120,0.12,0.0,0.09284453839063644
120,0.12,0.1,0.09284453839063644
120,0.12,0.2,0.1004902794957161
120,0.15,0.0,0.0900588184595108
120,0.15,0.1,0.0900588184595108
120,0.15,0.2,0.10488104075193405
121,0.0,0.0,0.0943010076880455
121,0.0,0.1,0.0943010076880455
121,0.0,0.2,0.09449642896652222
121,0.03,0.0,0.11808586120605469
121,0.03,0.1,0.11808586120605469
121,0.03,0.2,0.09676074981689453
121,0.06,0.0,0.10033579915761948
121,0.06,0.1,0.10033579915761948
121,0.06,0.2,0.10435514152050018
121,0.09,0.0,0.1173851415514946
121,0.09,0.1,0.1173851415514946
121,0.09,0.2,0.1106497049331665
121,0.12,0.0,0.10132217407226562
121,0.12,0.1,0.10132217407226562
121,0.12,0.2,0.09654736518859863
121,0.15,0.0,0.11213453114032745
121,0.15,0.1,0.11213453114032745
121,0.15,0.2,0.1059538871049881
122,0.0,0.0,0.07835190743207932
122,0.0,0.1,0.07835190743207932
122,0.0,0.2,0.08751608431339264
122,0.03,0.0,0.08566492795944214
122,0.03,0.1,0.08566492795944214
122,0.03,0.2,0.11072970181703568
122,0.06,0.0,0.08813883364200592
122,0.06,0.1,0.08813883364200592
122,0.06,0.2,0.08270072937011719
122,0.09,0.0,0.0833229199051857
122,0.09,0.1,0.0833229199051857
122,0.09,0.2,0.08446463942527771
122,0.12,0.0,0.1038873940706253
122,0.12,0.1,0.1038873940706253
122,0.12,0.2,0.10441890358924866
122,0.15,0.0,0.10119078308343887
122,0.15,0.1,0.10119078308343887
122,0.15,0.2,0.08066436648368835
123,0.0,0.0,0.0895327478647232
123,0.0,0.1,0.0895327478647232
123,0.0,0.2,0.0841328427195549
123,0.03,0.0,0.08035207539796829
123,0.03,0.1,0.08035207539796829
123,0.03,0.2,0.09843059629201889
123,0.06,0.0,0.10666608065366745
123,0.06,0.1,0.10666608065366745
123,0.06,0.2,0.0800914540886879
123,0.09,0.0,0.08896519988775253
123,0.09,0.1,0.08896519988775253
123,0.09,0.2,0.09281153976917267
123,0.12,0.0,0.0864877849817276
123,0.12,0.1,0.0864877849817276
123,0.12,0.2,0.09469473361968994
123,0.15,0.0,0.08785692602396011
123,0.15,0.1,0.08785692602396011
123,0.15,0.2,0.08716381341218948
124,0.0,0.0,0.0813770741224289
124,0.0,0.1,0.0813770741224289
124,0.0,0.2,0.08584494143724442
124,0.03,0.0,0.08972571045160294
124,0.03,0.1,0.08972571045160294
124,0.03,0.2,0.08507408946752548
124,0.06,0.0,0.09201797097921371
124,0.06,0.1,0.09201797097921371
124,0.06,0.2,0.08807262778282166
124,0.09,0.0,0.09309164434671402
124,0.09,0.1,0.09309164434671402
124,0.09,0.2,0.09145370870828629
124,0.12,0.0,0.08834616839885712
124,0.12,0.1,0.08834616839885712
124,0.12,0.2,0.08933718502521515
124,0.15,0.0,0.08093416690826416
124,0.15,0.1,0.08093416690826416
124,0.15,0.2,0.08661170303821564
125,0.0,0.0,0.10501272231340408
125,0.0,0.1,0.10501272231340408
125,0.0,0.2,0.12125584483146667
125,0.03,0.0,0.10803237557411194
125,0.03,0.1,0.10803237557411194
125,0.03,0.2,0.12612605094909668
125,0.06,0.0,0.09564187377691269
125,0.06,0.1,0.09564187377691269
125,0.06,0.2,0.1128629595041275
125,0.09,0.0,0.1040976494550705
125,0.09,0.1,0.1040976494550705
125,0.09,0.2,0.12581200897693634
125,0.12,0.0,0.11998096853494644
125,0.12,0.1,0.11998096853494644
125,0.12,0.2,0.13433226943016052
125,0.15,0.0,0.13806399703025818
125,0.15,0.1,0.13806399703025818
125,0.15,0.2,0.13312581181526184
13,0.0,0.0,0.08451323211193085
13,0.0,0.1,0.08451323211193085
13,0.0,0.2,0.08156285434961319
13,0.03,0.0,0.10076788067817688
13,0.03,0.1,0.10076788067817688
13,0.03,0.2,0.08041291683912277
13,0.06,0.0,0.1008988618850708
13,0.06,0.1,0.1008988618850708
13,0.06,0.2,0.08334952592849731
13,0.09,0.0,0.08043520152568817
13,0.09,0.1,0.08043520152568817
13,0.09,0.2,0.08346117287874222
13,0.12,0.0,0.09567780792713165
13,0.12,0.1,0.09567780792713165
13,0.12,0.2,0.07557816058397293
13,0.15,0.0,0.08283887058496475
13,0.15,0.1,0.08283887058496475
13,0.15,0.2,0.091744564473629
14,0.0,0.0,0.09604912251234055
14,0.0,0.1,0.09604912251234055
14,0.0,0.2,0.09416282176971436
14,0.03,0.0,0.09219761192798615
14,0.03,0.1,0.09219761192798615
14,0.03,0.2,0.09540747106075287
14,0.06,0.0,0.09444305300712585
14,0.06,0.1,0.09444305300712585
14,0.06,0.2,0.09618968516588211
14,0.09,0.0,0.0853251963853836
14,0.09,0.1,0.0853251963853836
14,0.09,0.2,0.09153789281845093
14,0.12,0.0,0.09741774201393127
14,0.12,0.1,0.09741774201393127
14,0.12,0.2,0.08645983785390854
14,0.15,0.0,0.07992590218782425
14,0.15,0.1,0.07992590218782425
14,0.15,0.2,0.09672019630670547
15,0.0,0.0,0.1099318116903305
15,0.0,0.1,0.1099318116903305
15,0.0,0.2,0.11782169342041016
15,0.03,0.0,0.10788822174072266
15,0.03,0.1,0.10788822174072266
15,0.03,0.2,0.11232514679431915
15,0.06,0.0,0.10848543047904968
15,0.06,0.1,0.10848543047904968
15,0.06,0.2,0.12728610634803772
15,0.09,0.0,0.09514947235584259
15,0.09,0.1,0.09514947235584259
15,0.09,0.2,0.1087522879242897
15,0.12,0.0,0.09152223914861679
15,0.12,0.1,0.09152223914861679
15,0.12,0.2,0.10395314544439316
15,0.15,0.0,0.09355051815509796
15,0.15,0.1,0.09355051815509796
15,0.15,0.2,0.09230457246303558
16,0.0,0.0,0.12184487283229828
16,0.0,0.1,0.12184487283229828
16,0.0,0.2,0.13614815473556519
16,0.03,0.0,0.11971798539161682
16,0.03,0.1,0.11971798539161682
16,0.03,0.2,0.13620054721832275
16,0.06,0.0,0.10799754410982132
16,0.06,0.1,0.10799754410982132
16,0.06,0.2,0.10894086956977844
16,0.09,0.0,0.0981157198548317
16,0.09,0.1,0.0981157198548317
16,0.09,0.2,0.12059742212295532
16,0.12,0.0,0.10219530761241913
16,0.12,0.1,0.10219530761241913
16,0.12,0.2,0.09642285108566284
16,0.15,0.0,0.08560800552368164
16,0.15,0.1,0.08560800552368164
16,0.15,0.2,0.09762091189622879
17,0.0,0.0,0.09160799533128738
17,0.0,0.1,0.09160799533128738
17,0.0,0.2,0.09846644103527069
17,0.03,0.0,0.09371278434991837
17,0.03,0.1,0.09371278434991837
17,0.03,0.2,0.08816108852624893
17,0.06,0.0,0.10386911779642105
17,0.06,0.1,0.10386911779642105
17,0.06,0.2,0.11364757269620895
17,0.09,0.0,0.08663591742515564
17,0.09,0.1,0.08663591742515564
17,0.09,0.2,0.1013760045170784
17,0.12,0.0,0.07986471056938171
17,0.12,0.1,0.07986471056938171
17,0.12,0.2,0.08166728913784027
17,0.15,0.0,0.09141316264867783
17,0.15,0.1,0.09141316264867783
17,0.15,0.2,0.08560221642255783
18,0.0,0.0,0.1288849413394928
18,0.0,0.1,0.1288849413394928
18,0.0,0.2,0.12161224335432053
18,0.03,0.0,0.11651897430419922
18,0.03,0.1,0.11651897430419922
18,0.03,0.2,0.10534057021141052
18,0.06,0.0,0.12353184074163437
18,0.06,0.1,0.12353184074163437
18,0.06,0.2,0.12616147100925446
18,0.09,0.0,0.1497461348772049
18,0.09,0.1,0.1497461348772049
18,0.09,0.2,0.13536830246448517
18,0.12,0.0,0.12475143373012543
18,0.12,0.1,0.12475143373012543
18,0.12,0.2,0.09819283336400986
18,0.15,0.0,0.12563706934452057
18,0.15,0.1,0.12563706934452057
18,0.15,0.2,0.13105201721191406
19,0.0,0.0,0.09789302200078964
19,0.0,0.1,0.09789302200078964
19,0.0,0.2,0.13152115046977997
19,0.03,0.0,0.1113399863243103
19,0.03,0.1,0.1113399863243103
19,0.03,0.2,0.12804657220840454
19,0.06,0.0,0.10849933326244354
19,0.06,0.1,0.10849933326244354
19,0.06,0.2,0.12546710669994354
19,0.09,0.0,0.14486674964427948
19,0.09,0.1,0.14486674964427948
19,0.09,0.2,0.1515849381685257
19,0.12,0.0,0.1186622604727745
19,0.12,0.1,0.1186622604727745
19,0.12,0.2,0.13675741851329803
19,0.15,0.0,0.10065825283527374
19,0.15,0.1,0.10065825283527374
19,0.15,0.2,0.11250345408916473
2,0.0,0.0,0.10191536694765091
2,0.0,0.1,0.10191536694765091
2,0.0,0.2,0.0953117087483406
2,0.03,0.0,0.0986156165599823
2,0.03,0.1,0.0986156165599823
2,0.03,0.2,0.10468842834234238
2,0.06,0.0,0.08735769242048264
2,0.06,0.1,0.08735769242048264
2,0.06,0.2,0.10283556580543518
2,0.09,0.0,0.10407152026891708
2,0.09,0.1,0.10407152026891708
2,0.09,0.2,0.0963570699095726
2,0.12,0.0,0.0933639332652092
2,0.12,0.1,0.0933639332652092
2,0.12,0.2,0.10771697014570236
2,0.15,0.0,0.09412989020347595
2,0.15,0.1,0.09412989020347595
2,0.15,0.2,0.10205768048763275
20,0.0,0.0,0.10142898559570312
20,0.0,0.1,0.10142898559570312
20,0.0,0.2,0.12221039831638336
20,0.03,0.0,0.10430008918046951
20,0.03,0.1,0.10430008918046951
20,0.03,0.2,0.1122278943657875
20,0.06,0.0,0.11168438196182251
20,0.06,0.1,0.11168438196182251
20,0.06,0.2,0.12933236360549927
20,0.09,0.0,0.1146979033946991
20,0.09,0.1,0.1146979033946991
20,0.09,0.2,0.10186977684497833
20,0.12,0.0,0.0968075692653656
20,0.12,0.1,0.0968075692653656
20,0.12,0.2,0.10391069948673248
20,0.15,0.0,0.10235350579023361
20,0.15,0.1,0.10235350579023361
20,0.15,0.2,0.1063535213470459
21,0.0,0.0,0.16326764225959778
21,0.0,0.1,0.16326764225959778
21,0.0,0.2,0.13357944786548615
21,0.03,0.0,0.17255908250808716
21,0.03,0.1,0.17255908250808716
21,0.03,0.2,0.10485932976007462
21,0.06,0.0,0.15488798916339874
21,0.06,0.1,0.15488798916339874
21,0.06,0.2,0.11722401529550552
21,0.09,0.0,0.14281322062015533
21,0.09,0.1,0.14281322062015533
21,0.09,0.2,0.11737234145402908
21,0.12,0.0,0.15328562259674072
21,0.12,0.1,0.15328562259674072
21,0.12,0.2,0.11306005716323853
21,0.15,0.0,0.13491953909397125
21,0.15,0.1,0.13491953909397125
21,0.15,0.2,0.1200115829706192
22,0.0,0.0,0.11026192456483841
22,0.0,0.1,0.11026192456483841
22,0.0,0.2,0.11196377128362656
22,0.03,0.0,0.09221017360687256
22,0.03,0.1,0.09221017360687256
22,0.03,0.2,0.09988932311534882
22,0.06,0.0,0.08883509784936905
22,0.06,0.1,0.08883509784936905
22,0.06,0.2,0.092961885035038
22,0.09,0.0,0.09660393744707108
22,0.09,0.1,0.09660393744707108
22,0.09,0.2,0.08667915314435959
22,0.12,0.0,0.08914941549301147
22,0.12,0.1,0.08914941549301147
22,0.12,0.2,0.08566104620695114
22,0.15,0.0,0.08156939595937729
22,0.15,0.1,0.08156939595937729
22,0.15,0.2,0.08485500514507294
23,0.0,0.0,0.08713884651660919
23,0.0,0.1,0.08713884651660919
23,0.0,0.2,0.08737954497337341
23,0.03,0.0,0.09751127660274506
23,0.03,0.1,0.09751127660274506
23,0.03,0.2,0.09600839018821716
23,0.06,0.0,0.09935271739959717
23,0.06,0.1,0.09935271739959717
23,0.06,0.2,0.08677882701158524
23,0.09,0.0,0.09233906120061874
23,0.09,0.1,0.09233906120061874
23,0.09,0.2,0.09098760783672333
23,0.12,0.0,0.09234479814767838
23,0.12,0.1,0.09234479814767838
23,0.12,0.2,0.10282071679830551
23,0.15,0.0,0.0899796113371849
23,0.15,0.1,0.0899796113371849
23,0.15,0.2,0.1019740030169487
24,0.0,0.0,0.08457624167203903
24,0.0,0.1,0.08457624167203903
24,0.0,0.2,0.09381665289402008
24,0.03,0.0,0.10216020047664642
24,0.03,0.1,0.10216020047664642
24,0.03,0.2,0.10060368478298187
24,0.06,0.0,0.0974053144454956
24,0.06,0.1,0.0974053144454956
24,0.06,0.2,0.09859488904476166
24,0.09,0.0,0.08803238719701767
24,0.09,0.1,0.08803238719701767
24,0.09,0.2,0.09220799058675766
24,0.12,0.0,0.09336939454078674
24,0.12,0.1,0.09336939454078674
24,0.12,0.2,0.0970710888504982
24,0.15,0.0,0.10487537086009979
24,0.15,0.1,0.10487537086009979
24,0.15,0.2,0.0890069231390953
25,0.0,0.0,0.09519405663013458
25,0.0,0.1,0.09519405663013458
25,0.0,0.2,0.08825770020484924
25,0.03,0.0,0.0844494178891182
25,0.03,0.1,0.0844494178891182
25,0.03,0.2,0.08789831399917603
25,0.06,0.0,0.09541423618793488
25,0.06,0.1,0.09541423618793488
25,0.06,0.2,0.10042078047990799
25,0.09,0.0,0.09185468405485153
25,0.09,0.1,0.09185468405485153
25,0.09,0.2,0.09681469947099686
25,0.12,0.0,0.09988924115896225
25,0.12,0.1,0.09988924115896225
25,0.12,0.2,0.10898324102163315
25,0.15,0.0,0.11583753675222397
25,0.15,0.1,0.11583753675222397
25,0.15,0.2,0.10835964232683182
26,0.0,0.0,0.12831096351146698
26,0.0,0.1,0.12831096351146698
26,0.0,0.2,0.12530536949634552
26,0.03,0.0,0.12256285548210144
26,0.03,0.1,0.12256285548210144
26,0.03,0.2,0.10434708744287491
26,0.06,0.0,0.12458142638206482
26,0.06,0.1,0.12458142638206482
26,0.06,0.2,0.10467328876256943
26,0.09,0.0,0.11649816483259201
26,0.09,0.1,0.11649816483259201
26,0.09,0.2,0.13115933537483215
26,0.12,0.0,0.10951840132474899
26,0.12,0.1,0.10951840132474899
26,0.12,0.2,0.12237778306007385
26,0.15,0.0,0.12610967457294464
26,0.15,0.1,0.12610967457294464
26,0.15,0.2,0.11721912771463394
27,0.0,0.0,0.08576942980289459
27,0.0,0.1,0.08576942980289459
27,0.0,0.2,0.0819091796875
27,0.03,0.0,0.09200672805309296
27,0.03,0.1,0.09200672805309296
27,0.03,0.2,0.09102287888526917
27,0.06,0.0,0.09698764234781265
27,0.06,0.1,0.09698764234781265
27,0.06,0.2,0.08916722238063812
27,0.09,0.0,0.09196033328771591
27,0.09,0.1,0.09196033328771591
27,0.09,0.2,0.09214364737272263
27,0.12,0.0,0.09100008010864258
27,0.12,0.1,0.09100008010864258
27,0.12,0.2,0.11304882168769836
27,0.15,0.0,0.08841456472873688
27,0.15,0.1,0.08841456472873688
27,0.15,0.2,0.09230208396911621
28,0.0,0.0,0.08486264944076538
28,0.0,0.1,0.08486264944076538
28,0.0,0.2,0.11142179369926453
28,0.03,0.0,0.12315119802951813
28,0.03,0.1,0.12315119802951813
28,0.03,0.2,0.14673979580402374
28,0.06,0.0,0.12763316929340363
28,0.06,0.1,0.12763316929340363
28,0.06,0.2,0.12636348605155945
28,0.09,0.0,0.11137571185827255
28,0.09,0.1,0.11137571185827255
28,0.09,0.2,0.11913633346557617
28,0.12,0.0,0.12381435930728912
28,0.12,0.1,0.12381435930728912
28,0.12,0.2,0.10371696203947067
28,0.15,0.0,0.14225360751152039
28,0.15,0.1,0.14225360751152039
28,0.15,0.2,0.10756781697273254
29,0.0,0.0,0.1384819597005844
29,0.0,0.1,0.1384819597005844
29,0.0,0.2,0.1270555704832077
29,0.03,0.0,0.1340179592370987
29,0.03,0.1,0.1340179592370987
29,0.03,0.2,0.11776412278413773
29,0.06,0.0,0.12890829145908356
29,0.06,0.1,0.12890829145908356
29,0.06,0.2,0.09010321646928787
29,0.09,0.0,0.10562898963689804
29,0.09,0.1,0.10562898963689804
29,0.09,0.2,0.0914609506726265
29,0.12,0.0,0.09191225469112396
29,0.12,0.1,0.09191225469112396
29,0.12,0.2,0.11369604617357254
29,0.15,0.0,0.09815908223390579
29,0.15,0.1,0.09815908223390579
29,0.15,0.2,0.09721623361110687
3,0.0,0.0,0.09664352238178253
3,0.0,0.1,0.09664352238178253
3,0.0,0.2,0.08245821297168732
3,0.03,0.0,0.08791092038154602
3,0.03,0.1,0.08791092038154602
3,0.03,0.2,0.08289125561714172
3,0.06,0.0,0.0835682824254036
3,0.06,0.1,0.0835682824254036
3,0.06,0.2,0.0836653932929039
3,0.09,0.0,0.08423927426338196
3,0.09,0.1,0.08423927426338196
3,0.09,0.2,0.09274858981370926
3,0.12,0.0,0.09073169529438019
3,0.12,0.1,0.09073169529438019
3,0.12,0.2,0.09394572675228119
3,0.15,0.0,0.10140067338943481
3,0.15,0.1,0.10140067338943481
3,0.15,0.2,0.07985374331474304
30,0.0,0.0,0.08625808358192444
30,0.0,0.1,0.08625808358192444
30,0.0,0.2,0.11081969738006592
30,0.03,0.0,0.08768462389707565
30,0.03,0.1,0.08768462389707565
30,0.03,0.2,0.09916286915540695
30,0.06,0.0,0.09181991964578629
30,0.06,0.1,0.09181991964578629
30,0.06,0.2,0.10022523254156113
30,0.09,0.0,0.10784506797790527
30,0.09,0.1,0.10784506797790527
30,0.09,0.2,0.10134673118591309
30,0.12,0.0,0.09941262751817703
30,0.12,0.1,0.09941262751817703
30,0.12,0.2,0.09696315973997116
30,0.15,0.0,0.09500470757484436
30,0.15,0.1,0.09500470757484436
30,0.15,0.2,0.09149681031703949
31,0.0,0.0,0.09533551335334778
31,0.0,0.1,0.09533551335334778
31,0.0,0.2,0.10472576320171356
31,0.03,0.0,0.10605727881193161
31,0.03,0.1,0.10605727881193161
31,0.03,0.2,0.10097125172615051
31,0.06,0.0,0.08790558576583862
31,0.06,0.1,0.08790558576583862
31,0.06,0.2,0.09724275022745132
31,0.09,0.0,0.08776810020208359
31,0.09,0.1,0.08776810020208359
31,0.09,0.2,0.09237873554229736
31,0.12,0.0,0.09266865253448486
31,0.12,0.1,0.09266865253448486
31,0.12,0.2,0.0902470275759697
31,0.15,0.0,0.08040335029363632
31,0.15,0.1,0.08040335029363632
31,0.15,0.2,0.07660725712776184
32,0.0,0.0,0.09194327890872955
32,0.0,0.1,0.09194327890872955
32,0.0,0.2,0.0942060649394989
32,0.03,0.0,0.09670360386371613
32,0.03,0.1,0.09670360386371613
32,0.03,0.2,0.09378025680780411
32,0.06,0.0,0.08956895023584366
32,0.06,0.1,0.08956895023584366
32,0.06,0.2,0.08611105382442474
32,0.09,0.0,0.08686444163322449
32,0.09,0.1,0.08686444163322449
32,0.09,0.2,0.08347032964229584
32,0.12,0.0,0.08351467549800873
32,0.12,0.1,0.08351467549800873
32,0.12,0.2,0.08076700568199158
32,0.15,0.0,0.08953927457332611
32,0.15,0.1,0.08953927457332611
32,0.15,0.2,0.08736660331487656
33,0.0,0.0,0.08589842170476913
33,0.0,0.1,0.08589842170476913
33,0.0,0.2,0.08154643326997757
33,0.03,0.0,0.10874421894550323
33,0.03,0.1,0.10874421894550323
33,0.03,0.2,0.08348863571882248
33,0.06,0.0,0.12920959293842316
33,0.06,0.1,0.12920959293842316
33,0.06,0.2,0.08307937532663345
33,0.09,0.0,0.09039435535669327
33,0.09,0.1,0.09039435535669327
33,0.09,0.2,0.10776656121015549
33,0.12,0.0,0.09434839338064194
33,0.12,0.1,0.09434839338064194
33,0.12,0.2,0.08835770189762115
33,0.15,0.0,0.08212965726852417
33,0.15,0.1,0.08212965726852417
33,0.15,0.2,0.07731637358665466
34,0.0,0.0,0.10447995364665985
34,0.0,0.1,0.10447995364665985
34,0.0,0.2,0.10530312359333038
34,0.03,0.0,0.09245653450489044
34,0.03,0.1,0.09245653450489044
34,0.03,0.2,0.10856828838586807
34,0.06,0.0,0.09453751146793365
34,0.06,0.1,0.09453751146793365
34,0.06,0.2,0.11047010123729706
34,0.09,0.0,0.08683314174413681
34,0.09,0.1,0.08683314174413681
34,0.09,0.2,0.1113697960972786
34,0.12,0.0,0.09846077114343643
34,0.12,0.1,0.09846077114343643
34,0.12,0.2,0.10548283904790878
34,0.15,0.0,0.10504912585020065
34,0.15,0.1,0.10504912585020065
34,0.15,0.2,0.10258112847805023
35,0.0,0.0,0.0971890538930893
35,0.0,0.1,0.0971890538930893
35,0.0,0.2,0.11014680564403534
35,0.03,0.0,0.12133736163377762
35,0.03,0.1,0.12133736163377762
35,0.03,0.2,0.12390055507421494
35,0.06,0.0,0.09424114227294922
35,0.06,0.1,0.09424114227294922
35,0.06,0.2,0.10097654163837433
35,0.09,0.0,0.10600001364946365
35,0.09,0.1,0.10600001364946365
35,0.09,0.2,0.08902741968631744
35,0.12,0.0,0.10519600659608841
35,0.12,0.1,0.10519600659608841
35,0.12,0.2,0.09439611434936523
35,0.15,0.0,0.11286738514900208
35,0.15,0.1,0.11286738514900208
35,0.15,0.2,0.08357472717761993
36,0.0,0.0,0.0923580452799797
36,0.0,0.1,0.0923580452799797
36,0.0,0.2,0.08915866166353226
36,0.03,0.0,0.08749361336231232
36,0.03,0.1,0.08749361336231232
36,0.03,0.2,0.09041789919137955
36,0.06,0.0,0.09189795702695847
36,0.06,0.1,0.09189795702695847
36,0.06,0.2,0.10121180862188339
36,0.09,0.0,0.08394268155097961
36,0.09,0.1,0.08394268155097961
36,0.09,0.2,0.09541753679513931
36,0.12,0.0,0.09430678188800812
36,0.12,0.1,0.09430678188800812
36,0.12,0.2,0.08875534683465958
36,0.15,0.0,0.09015778452157974
36,0.15,0.1,0.09015778452157974
36,0.15,0.2,0.0920100212097168
37,0.0,0.0,0.09638608992099762
37,0.0,0.1,0.09638608992099762
37,0.0,0.2,0.09591473639011383
37,0.03,0.0,0.07806313037872314
37,0.03,0.1,0.07806313037872314
37,0.03,0.2,0.08416508138179779
37,0.06,0.0,0.0940159261226654
37,0.06,0.1,0.0940159261226654
37,0.06,0.2,0.075951486825943
37,0.09,0.0,0.08250530064105988
37,0.09,0.1,0.08250530064105988
37,0.09,0.2,0.09801532328128815
37,0.12,0.0,0.08392710238695145
37,0.12,0.1,0.08392710238695145
37,0.12,0.2,0.0952765941619873
37,0.15,0.0,0.09211119264364243
37,0.15,0.1,0.09211119264364243
37,0.15,0.2,0.0847923681139946
38,0.0,0.0,0.11196218430995941
38,0.0,0.1,0.11196218430995941
38,0.0,0.2,0.10631155222654343
38,0.03,0.0,0.09877846390008926
38,0.03,0.1,0.09877846390008926
38,0.03,0.2,0.12119462341070175
38,0.06,0.0,0.10591008514165878
38,0.06,0.1,0.10591008514165878
38,0.06,0.2,0.09719658643007278
38,0.09,0.0,0.10439790040254593
38,0.09,0.1,0.10439790040254593
38,0.09,0.2,0.11869968473911285
38,0.12,0.0,0.11080602556467056
38,0.12,0.1,0.11080602556467056
38,0.12,0.2,0.10412225127220154
38,0.15,0.0,0.10802703350782394
38,0.15,0.1,0.10802703350782394
38,0.15,0.2,0.10711687058210373
39,0.0,0.0,0.08677464723587036
39,0.0,0.1,0.08677464723587036
39,0.0,0.2,0.09491752833127975
39,0.03,0.0,0.08153816312551498
39,0.03,0.1,0.08153816312551498
39,0.03,0.2,0.08408834785223007
39,0.06,0.0,0.08993075788021088
39,0.06,0.1,0.08993075788021088
39,0.06,0.2,0.07374545186758041
39,0.09,0.0,0.08295795321464539
39,0.09,0.1,0.08295795321464539
39,0.09,0.2,0.09355085343122482
39,0.12,0.0,0.08354607224464417
39,0.12,0.1,0.08354607224464417
39,0.12,0.2,0.07942792773246765
39,0.15,0.0,0.08402275294065475
39,0.15,0.1,0.08402275294065475
39,0.15,0.2,0.07658126205205917
4,0.0,0.0,0.0948275551199913
4,0.0,0.1,0.0948275551199913
4,0.0,0.2,0.09648720920085907
4,0.03,0.0,0.0977417603135109
4,0.03,0.1,0.0977417603135109
4,0.03,0.2,0.09654829651117325
4,0.06,0.0,0.10853200405836105
4,0.06,0.1,0.10853200405836105
4,0.06,0.2,0.09556951373815536
4,0.09,0.0,0.10857810825109482
4,0.09,0.1,0.10857810825109482
4,0.09,0.2,0.10983093827962875
4,0.12,0.0,0.11123886704444885
4,0.12,0.1,0.11123886704444885
4,0.12,0.2,0.09972665458917618
4,0.15,0.0,0.1085374727845192
4,0.15,0.1,0.1085374727845192
4,0.15,0.2,0.09979914873838425
40,0.0,0.0,0.09225893765687943
40,0.0,0.1,0.09225893765687943
40,0.0,0.2,0.10511967539787292
40,0.03,0.0,0.10138307511806488
40,0.03,0.1,0.10138307511806488
40,0.03,0.2,0.09708554297685623
40,0.06,0.0,0.09588620811700821
40,0.06,0.1,0.09588620811700821
40,0.06,0.2,0.10304485261440277
40,0.09,0.0,0.09358564764261246
40,0.09,0.1,0.09358564764261246
40,0.09,0.2,0.09939045459032059
40,0.12,0.0,0.08611855655908585
40,0.12,0.1,0.08611855655908585
40,0.12,0.2,0.0948835238814354
40,0.15,0.0,0.09152120351791382
40,0.15,0.1,0.09152120351791382
40,0.15,0.2,0.08337021619081497
41,0.0,0.0,0.08506409823894501
41,0.0,0.1,0.08506409823894501
41,0.0,0.2,0.09033503383398056
41,0.03,0.0,0.09317149966955185
41,0.03,0.1,0.09317149966955185
41,0.03,0.2,0.08819375187158585
41,0.06,0.0,0.09832467883825302
41,0.06,0.1,0.09832467883825302
41,0.06,0.2,0.08127038925886154
41,0.09,0.0,0.08590520918369293
41,0.09,0.1,0.08590520918369293
41,0.09,0.2,0.08311717212200165
41,0.12,0.0,0.08597628027200699
41,0.12,0.1,0.08597628027200699
41,0.12,0.2,0.08969251066446304
41,0.15,0.0,0.08198593556880951
41,0.15,0.1,0.08198593556880951
41,0.15,0.2,0.08444294333457947
42,0.0,0.0,0.10559189319610596
42,0.0,0.1,0.10559189319610596
42,0.0,0.2,0.11580036580562592
42,0.03,0.0,0.12526831030845642
42,0.03,0.1,0.12526831030845642
42,0.03,0.2,0.11870844662189484
42,0.06,0.0,0.12441381812095642
42,0.06,0.1,0.12441381812095642
42,0.06,0.2,0.10920960456132889
42,0.09,0.0,0.09166204929351807
42,0.09,0.1,0.09166204929351807
42,0.09,0.2,0.10268247872591019
42,0.12,0.0,0.10544361919164658
42,0.12,0.1,0.10544361919164658
42,0.12,0.2,0.10859348624944687
42,0.15,0.0,0.10434344410896301
42,0.15,0.1,0.10434344410896301
42,0.15,0.2,0.13351605832576752
43,0.0,0.0,0.13026639819145203
43,0.0,0.1,0.13026639819145203
43,0.0,0.2,0.15366230905056
43,0.03,0.0,0.13331836462020874
43,0.03,0.1,0.13331836462020874
43,0.03,0.2,0.1313769519329071
43,0.06,0.0,0.12479426711797714
43,0.06,0.1,0.12479426711797714
43,0.06,0.2,0.1343468725681305
43,0.09,0.0,0.10982983559370041
43,0.09,0.1,0.10982983559370041
43,0.09,0.2,0.1280628889799118
43,0.12,0.0,0.1010802760720253
43,0.12,0.1,0.1010802760720253
43,0.12,0.2,0.12572185695171356
43,0.15,0.0,0.10141455382108688
43,0.15,0.1,0.10141455382108688
43,0.15,0.2,0.09417437016963959
44,0.0,0.0,0.1413719654083252
44,0.0,0.1,0.1413719654083252
44,0.0,0.2,0.14346575736999512
44,0.03,0.0,0.13521282374858856
44,0.03,0.1,0.13521282374858856
44,0.03,0.2,0.13684630393981934
44,0.06,0.0,0.11303333193063736
44,0.06,0.1,0.11303333193063736
44,0.06,0.2,0.12876872718334198
44,0.09,0.0,0.11639876663684845
44,0.09,0.1,0.11639876663684845
44,0.09,0.2,0.12578952312469482
44,0.12,0.0,0.1293039321899414
44,0.12,0.1,0.1293039321899414
44,0.12,0.2,0.1374293714761734
44,0.15,0.0,0.12363804131746292
44,0.15,0.1,0.12363804131746292
44,0.15,0.2,0.16719800233840942
45,0.0,0.0,0.1036425456404686
45,0.0,0.1,0.1036425456404686
45,0.0,0.2,0.09534579515457153
45,0.03,0.0,0.08244383335113525
45,0.03,0.1,0.08244383335113525
45,0.03,0.2,0.08350096642971039
45,0.06,0.0,0.09034974873065948
45,0.06,0.1,0.09034974873065948
45,0.06,0.2,0.08479387313127518
45,0.09,0.0,0.08352610468864441
45,0.09,0.1,0.08352610468864441
45,0.09,0.2,0.09499213844537735
45,0.12,0.0,0.08441349118947983
45,0.12,0.1,0.08441349118947983
45,0.12,0.2,0.08518752455711365
45,0.15,0.0,0.09561257064342499
45,0.15,0.1,0.09561257064342499
45,0.15,0.2,0.1019580215215683
46,0.0,0.0,0.12055016309022903
46,0.0,0.1,0.12055016309022903
46,0.0,0.2,0.12372811883687973
46,0.03,0.0,0.10169920325279236
46,0.03,0.1,0.10169920325279236
46,0.03,0.2,0.11511147022247314
46,0.06,0.0,0.133903369307518
46,0.06,0.1,0.133903369307518
46,0.06,0.2,0.14334335923194885
46,0.09,0.0,0.11084504425525665
46,0.09,0.1,0.11084504425525665
46,0.09,0.2,0.10633429139852524
46,0.12,0.0,0.11534225940704346
46,0.12,0.1,0.11534225940704346
46,0.12,0.2,0.12768244743347168
46,0.15,0.0,0.14409534633159637
46,0.15,0.1,0.14409534633159637
46,0.15,0.2,0.1526181846857071
47,0.0,0.0,0.15045128762722015
47,0.0,0.1,0.15045128762722015
47,0.0,0.2,0.15244640409946442
47,0.03,0.0,0.1408759206533432
47,0.03,0.1,0.1408759206533432
47,0.03,0.2,0.13671144843101501
47,0.06,0.0,0.13195055723190308
47,0.06,0.1,0.13195055723190308
47,0.06,0.2,0.15376509726047516
47,0.09,0.0,0.1438293159008026
47,0.09,0.1,0.1438293159008026
47,0.09,0.2,0.17377418279647827
47,0.12,0.0,0.12835007905960083
47,0.12,0.1,0.12835007905960083
47,0.12,0.2,0.15806584060192108
47,0.15,0.0,0.1161663830280304
47,0.15,0.1,0.1161663830280304
47,0.15,0.2,0.1380254030227661
48,0.0,0.0,0.1869533807039261
48,0.0,0.1,0.1869533807039261
48,0.0,0.2,0.2162557989358902
48,0.03,0.0,0.16560328006744385
48,0.03,0.1,0.16560328006744385
48,0.03,0.2,0.1800151914358139
48,0.06,0.0,0.17328055202960968
48,0.06,0.1,0.17328055202960968
48,0.06,0.2,0.17886097729206085
48,0.09,0.0,0.14197468757629395
48,0.09,0.1,0.14197468757629395
48,0.09,0.2,0.13849259912967682
48,0.12,0.0,0.1144898310303688
48,0.12,0.1,0.1144898310303688
48,0.12,0.2,0.15964163839817047
48,0.15,0.0,0.11967740207910538
48,0.15,0.1,0.11967740207910538
48,0.15,0.2,0.15374097228050232
49,0.0,0.0,0.12365704029798508
49,0.0,0.1,0.12365704029798508
49,0.0,0.2,0.11462301015853882
49,0.03,0.0,0.11399061977863312
49,0.03,0.1,0.11399061977863312
49,0.03,0.2,0.11807821691036224
49,0.06,0.0,0.11626635491847992
49,0.06,0.1,0.11626635491847992
49,0.06,0.2,0.12312465906143188
49,0.09,0.0,0.11447850614786148
49,0.09,0.1,0.11447850614786148
49,0.09,0.2,0.13259164988994598
49,0.12,0.0,0.12865017354488373
49,0.12,0.1,0.12865017354488373
49,0.12,0.2,0.1485484391450882
49,0.15,0.0,0.11390123516321182
49,0.15,0.1,0.11390123516321182
49,0.15,0.2,0.10891455411911011
5,0.0,0.0,0.0955449566245079
5,0.0,0.1,0.0955449566245079
5,0.0,0.2,0.09923991560935974
5,0.03,0.0,0.10318496078252792
5,0.03,0.1,0.10318496078252792
5,0.03,0.2,0.10762766748666763
5,0.06,0.0,0.0871042013168335
5,0.06,0.1,0.0871042013168335
5,0.06,0.2,0.0999230220913887
5,0.09,0.0,0.1094183400273323
5,0.09,0.1,0.1094183400273323
5,0.09,0.2,0.09476492553949356
5,0.12,0.0,0.10510140657424927
5,0.12,0.1,0.10510140657424927
5,0.12,0.2,0.09342898428440094
5,0.15,0.0,0.10086023062467575
5,0.15,0.1,0.10086023062467575
5,0.15,0.2,0.10247579216957092
50,0.0,0.0,0.1123400554060936
50,0.0,0.1,0.1123400554060936
50,0.0,0.2,0.12445420026779175
50,0.03,0.0,0.10609221458435059
50,0.03,0.1,0.10609221458435059
50,0.03,0.2,0.11874575167894363
50,0.06,0.0,0.11989735066890717
50,0.06,0.1,0.11989735066890717
50,0.06,0.2,0.13831807672977448
50,0.09,0.0,0.11567065119743347
50,0.09,0.1,0.11567065119743347
50,0.09,0.2,0.13214752078056335
50,0.12,0.0,0.1084429919719696
50,0.12,0.1,0.1084429919719696
50,0.12,0.2,0.12662823498249054
50,0.15,0.0,0.10128822922706604
50,0.15,0.1,0.10128822922706604
50,0.15,0.2,0.11480103433132172
51,0.0,0.0,0.09748387336730957
51,0.0,0.1,0.09748387336730957
51,0.0,0.2,0.10580543428659439
51,0.03,0.0,0.10024037957191467
51,0.03,0.1,0.10024037957191467
51,0.03,0.2,0.09037647396326065
51,0.06,0.0,0.10214384645223618
51,0.06,0.1,0.10214384645223618
51,0.06,0.2,0.09965885430574417
51,0.09,0.0,0.10626806318759918
51,0.09,0.1,0.10626806318759918
51,0.09,0.2,0.10960258543491364
51,0.12,0.0,0.11100234091281891
51,0.12,0.1,0.11100234091281891
51,0.12,0.2,0.09831294417381287
51,0.15,0.0,0.0923740565776825
51,0.15,0.1,0.0923740565776825
51,0.15,0.2,0.1160796731710434
52,0.0,0.0,0.08671507239341736
52,0.0,0.1,0.08671507239341736
52,0.0,0.2,0.08790149539709091
52,0.03,0.0,0.09578270465135574
52,0.03,0.1,0.09578270465135574
52,0.03,0.2,0.09246658533811569
52,0.06,0.0,0.09884867072105408
52,0.06,0.1,0.09884867072105408
52,0.06,0.2,0.09337832033634186
52,0.09,0.0,0.08879018574953079
52,0.09,0.1,0.08879018574953079
52,0.09,0.2,0.09219769388437271
52,0.12,0.0,0.1051943451166153
52,0.12,0.1,0.1051943451166153
52,0.12,0.2,0.08459819108247757
52,0.15,0.0,0.09090282768011093
52,0.15,0.1,0.09090282768011093
52,0.15,0.2,0.10173482447862625
53,0.0,0.0,0.09771279245615005
53,0.0,0.1,0.09771279245615005
53,0.0,0.2,0.08952632546424866
53,0.03,0.0,0.09061285853385925
53,0.03,0.1,0.09061285853385925
53,0.03,0.2,0.08148431032896042
53,0.06,0.0,0.08925231546163559
53,0.06,0.1,0.08925231546163559
53,0.06,0.2,0.08601659536361694
53,0.09,0.0,0.08359242230653763
53,0.09,0.1,0.08359242230653763
53,0.09,0.2,0.08644496649503708
53,0.12,0.0,0.09485235065221786
53,0.12,0.1,0.09485235065221786
53,0.12,0.2,0.09878402948379517
53,0.15,0.0,0.0968094989657402
53,0.15,0.1,0.0968094989657402
53,0.15,0.2,0.08568570017814636
54,0.0,0.0,0.10914501547813416
54,0.0,0.1,0.10914501547813416
54,0.0,0.2,0.13702084124088287
54,0.03,0.0,0.12367812544107437
54,0.03,0.1,0.12367812544107437
54,0.03,0.2,0.1496511995792389
54,0.06,0.0,0.13158884644508362
54,0.06,0.1,0.13158884644508362
54,0.06,0.2,0.13683593273162842
54,0.09,0.0,0.12982694804668427
54,0.09,0.1,0.12982694804668427
54,0.09,0.2,0.13126373291015625
54,0.12,0.0,0.1283094584941864
54,0.12,0.1,0.1283094584941864
54,0.12,0.2,0.1280249059200287
54,0.15,0.0,0.1262737661600113
54,0.15,0.1,0.1262737661600113
54,0.15,0.2,0.11971209198236465
55,0.0,0.0,0.17548827826976776
55,0.0,0.1,0.17548827826976776
55,0.0,0.2,0.17819751799106598
55,0.03,0.0,0.18418781459331512
55,0.03,0.1,0.18418781459331512
55,0.03,0.2,0.17212046682834625
55,0.06,0.0,0.1660216599702835
55,0.06,0.1,0.1660216599702835
55,0.06,0.2,0.16307967901229858
55,0.09,0.0,0.15860354900360107
55,0.09,0.1,0.15860354900360107
55,0.09,0.2,0.1575869619846344
55,0.12,0.0,0.14653322100639343
55,0.12,0.1,0.14653322100639343
55,0.12,0.2,0.1539495885372162
55,0.15,0.0,0.13864633440971375
55,0.15,0.1,0.13864633440971375
55,0.15,0.2,0.1495780199766159
56,0.0,0.0,0.11562888324260712
56,0.0,0.1,0.11562888324260712
56,0.0,0.2,0.09890162199735641
56,0.03,0.0,0.11097448319196701
56,0.03,0.1,0.11097448319196701
56,0.03,0.2,0.0998770073056221
56,0.06,0.0,0.10568949580192566
56,0.06,0.1,0.10568949580192566
56,0.06,0.2,0.10319729149341583
56,0.09,0.0,0.10672455281019211
56,0.09,0.1,0.10672455281019211
56,0.09,0.2,0.11183743178844452
56,0.12,0.0,0.0887872576713562
56,0.12,0.1,0.0887872576713562
56,0.12,0.2,0.10069256275892258
56,0.15,0.0,0.10431072115898132
56,0.15,0.1,0.10431072115898132
56,0.15,0.2,0.10413849353790283
57,0.0,0.0,0.10227876901626587
57,0.0,0.1,0.10227876901626587
57,0.0,0.2,0.11620496958494186
57,0.03,0.0,0.10899341106414795
57,0.03,0.1,0.10899341106414795
57,0.03,0.2,0.1291099339723587
57,0.06,0.0,0.10832115262746811
57,0.06,0.1,0.10832115262746811
57,0.06,0.2,0.12463618814945221
57,0.09,0.0,0.13475146889686584
57,0.09,0.1,0.13475146889686584
57,0.09,0.2,0.11678418517112732
57,0.12,0.0,0.15187671780586243
57,0.12,0.1,0.15187671780586243
57,0.12,0.2,0.14080514013767242
57,0.15,0.0,0.1424833983182907
57,0.15,0.1,0.1424833983182907
57,0.15,0.2,0.13963180780410767
58,0.0,0.0,0.10848556458950043
58,0.0,0.1,0.10848556458950043
58,0.0,0.2,0.09145426750183105
58,0.03,0.0,0.08849240094423294
58,0.03,0.1,0.08849240094423294
58,0.03,0.2,0.08675825595855713
58,0.06,0.0,0.09157479554414749
58,0.06,0.1,0.09157479554414749
58,0.06,0.2,0.08626952022314072
58,0.09,0.0,0.09343884140253067
58,0.09,0.1,0.09343884140253067
58,0.09,0.2,0.10071804374456406
58,0.12,0.0,0.0955028235912323
58,0.12,0.1,0.0955028235912323
58,0.12,0.2,0.08440841734409332
58,0.15,0.0,0.09122646600008011
58,0.15,0.1,0.09122646600008011
58,0.15,0.2,0.09950438886880875
59,0.0,0.0,0.10332203656435013
59,0.0,0.1,0.10332203656435013
59,0.0,0.2,0.11606170982122421
59,0.03,0.0,0.10628929734230042
59,0.03,0.1,0.10628929734230042
59,0.03,0.2,0.1212383508682251
59,0.06,0.0,0.10554996877908707
59,0.06,0.1,0.10554996877908707
59,0.06,0.2,0.12715020775794983
59,0.09,0.0,0.11440356820821762
59,0.09,0.1,0.11440356820821762
59,0.09,0.2,0.13888448476791382
59,0.12,0.0,0.12500980496406555
59,0.12,0.1,0.12500980496406555
59,0.12,0.2,0.1490844041109085
59,0.15,0.0,0.11916743963956833
59,0.15,0.1,0.11916743963956833
59,0.15,0.2,0.14068032801151276
6,0.0,0.0,0.12979933619499207
6,0.0,0.1,0.12979933619499207
6,0.0,0.2,0.12138795852661133
6,0.03,0.0,0.10800254344940186
6,0.03,0.1,0.10800254344940186
6,0.03,0.2,0.11485005915164948
6,0.06,0.0,0.11814714223146439
6,0.06,0.1,0.11814714223146439
6,0.06,0.2,0.13276050984859467
6,0.09,0.0,0.09660124778747559
6,0.09,0.1,0.09660124778747559
6,0.09,0.2,0.11195264756679535
6,0.12,0.0,0.12240315228700638
6,0.12,0.1,0.12240315228700638
6,0.12,0.2,0.12380606681108475
6,0.15,0.0,0.12319009751081467
6,0.15,0.1,0.12319009751081467
6,0.15,0.2,0.1246732547879219
60,0.0,0.0,0.1106661930680275
60,0.0,0.1,0.1106661930680275
60,0.0,0.2,0.11792873591184616
60,0.03,0.0,0.11088751256465912
60,0.03,0.1,0.11088751256465912
60,0.03,0.2,0.10028939694166183
60,0.06,0.0,0.11641427129507065
60,0.06,0.1,0.11641427129507065
60,0.06,0.2,0.10815659910440445
60,0.09,0.0,0.10429122298955917
60,0.09,0.1,0.10429122298955917
60,0.09,0.2,0.10501759499311447
60,0.12,0.0,0.10493654012680054
60,0.12,0.1,0.10493654012680054
60,0.12,0.2,0.10575690865516663
60,0.15,0.0,0.10391369462013245
60,0.15,0.1,0.10391369462013245
60,0.15,0.2,0.11641177535057068
61,0.0,0.0,0.10440802574157715
61,0.0,0.1,0.10440802574157715
61,0.0,0.2,0.10928034782409668
61,0.03,0.0,0.0946715846657753
61,0.03,0.1,0.0946715846657753
61,0.03,0.2,0.11575833708047867
61,0.06,0.0,0.10488308221101761
61,0.06,0.1,0.10488308221101761
61,0.06,0.2,0.14863145351409912
61,0.09,0.0,0.10564333945512772
61,0.09,0.1,0.10564333945512772
61,0.09,0.2,0.11279744654893875
61,0.12,0.0,0.10285372287034988
61,0.12,0.1,0.10285372287034988
61,0.12,0.2,0.11724264174699783
61,0.15,0.0,0.10801248997449875
61,0.15,0.1,0.10801248997449875
61,0.15,0.2,0.12644235789775848
62,0.0,0.0,0.0869164764881134
62,0.0,0.1,0.0869164764881134
62,0.0,0.2,0.09644067287445068
62,0.03,0.0,0.09583897143602371
62,0.03,0.1,0.09583897143602371
62,0.03,0.2,0.08566869050264359
62,0.06,0.0,0.09469813108444214
62,0.06,0.1,0.09469813108444214
62,0.06,0.2,0.09247521311044693
62,0.09,0.0,0.08579691499471664
62,0.09,0.1,0.08579691499471664
62,0.09,0.2,0.09027956426143646
62,0.12,0.0,0.0859089270234108
62,0.12,0.1,0.0859089270234108
62,0.12,0.2,0.08412551879882812
62,0.15,0.0,0.08589665591716766
62,0.15,0.1,0.08589665591716766
62,0.15,0.2,0.08298368752002716
63,0.0,0.0,0.10497061163187027
63,0.0,0.1,0.10497061163187027
63,0.0,0.2,0.12227606028318405
63,0.03,0.0,0.11471010744571686
63,0.03,0.1,0.11471010744571686
63,0.03,0.2,0.15975964069366455
63,0.06,0.0,0.1152753084897995
63,0.06,0.1,0.1152753084897995
63,0.06,0.2,0.14801658689975739
63,0.09,0.0,0.14591443538665771
63,0.09,0.1,0.14591443538665771
63,0.09,0.2,0.16047190129756927
63,0.12,0.0,0.1293017566204071
63,0.12,0.1,0.1293017566204071
63,0.12,0.2,0.14164811372756958
63,0.15,0.0,0.14802038669586182
63,0.15,0.1,0.14802038669586182
63,0.15,0.2,0.15664160251617432
64,0.0,0.0,0.15361055731773376
64,0.0,0.1,0.15361055731773376
64,0.0,0.2,0.12687265872955322
64,0.03,0.0,0.15595461428165436
64,0.03,0.1,0.15595461428165436
64,0.03,0.2,0.12537947297096252
64,0.06,0.0,0.1188325583934784
64,0.06,0.1,0.1188325583934784
64,0.06,0.2,0.12231004238128662
64,0.09,0.0,0.09748571366071701
64,0.09,0.1,0.09748571366071701
64,0.09,0.2,0.1009657233953476
64,0.12,0.0,0.110130675137043
64,0.12,0.1,0.110130675137043
64,0.12,0.2,0.11468754708766937
64,0.15,0.0,0.09992772340774536
64,0.15,0.1,0.09992772340774536
64,0.15,0.2,0.10934732854366302
65,0.0,0.0,0.09172755479812622
65,0.0,0.1,0.09172755479812622
65,0.0,0.2,0.08548018336296082
65,0.03,0.0,0.08706926554441452
65,0.03,0.1,0.08706926554441452
65,0.03,0.2,0.08501143008470535
65,0.06,0.0,0.0973045825958252
65,0.06,0.1,0.0973045825958252
65,0.06,0.2,0.09106336534023285
65,0.09,0.0,0.08245173841714859
65,0.09,0.1,0.08245173841714859
65,0.09,0.2,0.08886978030204773
65,0.12,0.0,0.08709681779146194
65,0.12,0.1,0.08709681779146194
65,0.12,0.2,0.08593747019767761
65,0.15,0.0,0.08416717499494553
65,0.15,0.1,0.08416717499494553
65,0.15,0.2,0.09241488575935364
66,0.0,0.0,0.09812629222869873
66,0.0,0.1,0.09812629222869873
66,0.0,0.2,0.11719179898500443
66,0.03,0.0,0.10902917385101318
66,0.03,0.1,0.10902917385101318
66,0.03,0.2,0.1140265017747879
66,0.06,0.0,0.10170639306306839
66,0.06,0.1,0.10170639306306839
66,0.06,0.2,0.11603184044361115
66,0.09,0.0,0.12644696235656738
66,0.09,0.1,0.12644696235656738
66,0.09,0.2,0.11652663350105286
66,0.12,0.0,0.11815234273672104
66,0.12,0.1,0.11815234273672104
66,0.12,0.2,0.1015569269657135
66,0.15,0.0,0.10160182416439056
66,0.15,0.1,0.10160182416439056
66,0.15,0.2,0.11522527784109116
67,0.0,0.0,0.09727656096220016
67,0.0,0.1,0.09727656096220016
67,0.0,0.2,0.09585974365472794
67,0.03,0.0,0.09136401116847992
67,0.03,0.1,0.09136401116847992
67,0.03,0.2,0.09121747314929962
67,0.06,0.0,0.08984800428152084
67,0.06,0.1,0.08984800428152084
67,0.06,0.2,0.09533552825450897
67,0.09,0.0,0.09526654332876205
67,0.09,0.1,0.09526654332876205
67,0.09,0.2,0.09790799766778946
67,0.12,0.0,0.08443181961774826
67,0.12,0.1,0.08443181961774826
67,0.12,0.2,0.09035156667232513
67,0.15,0.0,0.09184243530035019
67,0.15,0.1,0.09184243530035019
67,0.15,0.2,0.09073691070079803
68,0.0,0.0,0.13317032158374786
68,0.0,0.1,0.13317032158374786
68,0.0,0.2,0.10747263580560684
68,0.03,0.0,0.11555711925029755
68,0.03,0.1,0.11555711925029755
68,0.03,0.2,0.1275276243686676
68,0.06,0.0,0.08931669592857361
68,0.06,0.1,0.08931669592857361
68,0.06,0.2,0.09310024976730347
68,0.09,0.0,0.1091739758849144
68,0.09,0.1,0.1091739758849144
68,0.09,0.2,0.09493155777454376
68,0.12,0.0,0.12357094883918762
68,0.12,0.1,0.12357094883918762
68,0.12,0.2,0.10734095424413681
68,0.15,0.0,0.11842451244592667
68,0.15,0.1,0.11842451244592667
68,0.15,0.2,0.10273401439189911
69,0.0,0.0,0.11803721636533737
69,0.0,0.1,0.11803721636533737
69,0.0,0.2,0.14413389563560486
69,0.03,0.0,0.13282206654548645
69,0.03,0.1,0.13282206654548645
69,0.03,0.2,0.12472566217184067
69,0.06,0.0,0.13964906334877014
69,0.06,0.1,0.13964906334877014
69,0.06,0.2,0.15741895139217377
69,0.09,0.0,0.1205042153596878
69,0.09,0.1,0.1205042153596878
69,0.09,0.2,0.14018112421035767
69,0.12,0.0,0.11512048542499542
69,0.12,0.1,0.11512048542499542
69,0.12,0.2,0.15727585554122925
69,0.15,0.0,0.14364124834537506
69,0.15,0.1,0.14364124834537506
69,0.15,0.2,0.19445013999938965
7,0.0,0.0,0.0938369482755661
7,0.0,0.1,0.0938369482755661
7,0.0,0.2,0.08789610117673874
7,0.03,0.0,0.08555224537849426
7,0.03,0.1,0.08555224537849426
7,0.03,0.2,0.08987922221422195
7,0.06,0.0,0.08411606401205063
7,0.06,0.1,0.08411606401205063
7,0.06,0.2,0.09392257779836655
7,0.09,0.0,0.08742646872997284
7,0.09,0.1,0.08742646872997284
7,0.09,0.2,0.1086723729968071
7,0.12,0.0,0.09191800653934479
7,0.12,0.1,0.09191800653934479
7,0.12,0.2,0.09247778356075287
7,0.15,0.0,0.08353612571954727
7,0.15,0.1,0.08353612571954727
7,0.15,0.2,0.09026715904474258
70,0.0,0.0,0.09387312084436417
70,0.0,0.1,0.09387312084436417
70,0.0,0.2,0.10398353636264801
70,0.03,0.0,0.09025643020868301
70,0.03,0.1,0.09025643020868301
70,0.03,0.2,0.11726903170347214
70,0.06,0.0,0.09488286077976227
70,0.06,0.1,0.09488286077976227
70,0.06,0.2,0.11871516704559326
70,0.09,0.0,0.10657122731208801
70,0.09,0.1,0.10657122731208801
70,0.09,0.2,0.12037216126918793
70,0.12,0.0,0.10923727601766586
70,0.12,0.1,0.10923727601766586
70,0.12,0.2,0.13013231754302979
70,0.15,0.0,0.11790474504232407
70,0.15,0.1,0.11790474504232407
70,0.15,0.2,0.12349413335323334
71,0.0,0.0,0.11295492947101593
71,0.0,0.1,0.11295492947101593
71,0.0,0.2,0.09926244616508484
71,0.03,0.0,0.09355702251195908
71,0.03,0.1,0.09355702251195908
71,0.03,0.2,0.10249855369329453
71,0.06,0.0,0.10477054119110107
71,0.06,0.1,0.10477054119110107
71,0.06,0.2,0.10662616044282913
71,0.09,0.0,0.08571676164865494
71,0.09,0.1,0.08571676164865494
71,0.09,0.2,0.08926824480295181
71,0.12,0.0,0.0979379341006279
71,0.12,0.1,0.0979379341006279
71,0.12,0.2,0.1041557714343071
71,0.15,0.0,0.09166492521762848
71,0.15,0.1,0.09166492521762848
71,0.15,0.2,0.10800658911466599
72,0.0,0.0,0.08660450577735901
72,0.0,0.1,0.08660450577735901
72,0.0,0.2,0.08789923787117004
72,0.03,0.0,0.08802962303161621
72,0.03,0.1,0.08802962303161621
72,0.03,0.2,0.08388366550207138
72,0.06,0.0,0.0809316635131836
72,0.06,0.1,0.0809316635131836
72,0.06,0.2,0.08082271367311478
72,0.09,0.0,0.09249581396579742
72,0.09,0.1,0.09249581396579742
72,0.09,0.2,0.08771926164627075
72,0.12,0.0,0.09468621760606766
72,0.12,0.1,0.09468621760606766
72,0.12,0.2,0.08289746195077896
72,0.15,0.0,0.08047567307949066
72,0.15,0.1,0.08047567307949066
72,0.15,0.2,0.08148615062236786
73,0.0,0.0,0.11490482836961746
73,0.0,0.1,0.11490482836961746
73,0.0,0.2,0.12631627917289734
73,0.03,0.0,0.1297464221715927
73,0.03,0.1,0.1297464221715927
73,0.03,0.2,0.12791761755943298
73,0.06,0.0,0.13013331592082977
73,0.06,0.1,0.13013331592082977
73,0.06,0.2,0.12458915263414383
73,0.09,0.0,0.11782229691743851
73,0.09,0.1,0.11782229691743851
73,0.09,0.2,0.13829417526721954
73,0.12,0.0,0.11785479635000229
73,0.12,0.1,0.11785479635000229
73,0.12,0.2,0.12373697757720947
73,0.15,0.0,0.09902475774288177
73,0.15,0.1,0.09902475774288177
73,0.15,0.2,0.10984591394662857
74,0.0,0.0,0.12369649857282639
74,0.0,0.1,0.12369649857282639
74,0.0,0.2,0.14519689977169037
74,0.03,0.0,0.09085559099912643
74,0.03,0.1,0.09085559099912643
74,0.03,0.2,0.0918971374630928
74,0.06,0.0,0.10276830941438675
74,0.06,0.1,0.10276830941438675
74,0.06,0.2,0.10439203679561615
74,0.09,0.0,0.10618233680725098
74,0.09,0.1,0.10618233680725098
74,0.09,0.2,0.11338669806718826
74,0.12,0.0,0.09531791508197784
74,0.12,0.1,0.09531791508197784
74,0.12,0.2,0.11130766570568085
74,0.15,0.0,0.0914984866976738
74,0.15,0.1,0.0914984866976738
74,0.15,0.2,0.09421764314174652
75,0.0,0.0,0.10312717407941818
75,0.0,0.1,0.10312717407941818
75,0.0,0.2,0.095927394926548
75,0.03,0.0,0.134507954120636
75,0.03,0.1,0.134507954120636
75,0.03,0.2,0.11628470569849014
75,0.06,0.0,0.11021316051483154
75,0.06,0.1,0.11021316051483154
75,0.06,0.2,0.10081081837415695
75,0.09,0.0,0.10767991095781326
75,0.09,0.1,0.10767991095781326
75,0.09,0.2,0.1133655458688736
75,0.12,0.0,0.09992319345474243
75,0.12,0.1,0.09992319345474243
75,0.12,0.2,0.10625617951154709
75,0.15,0.0,0.10351499915122986
75,0.15,0.1,0.10351499915122986
75,0.15,0.2,0.10086038708686829
76,0.0,0.0,0.10612413287162781
76,0.0,0.1,0.10612413287162781
76,0.0,0.2,0.11429222673177719
76,0.03,0.0,0.1226818859577179
76,0.03,0.1,0.1226818859577179
76,0.03,0.2,0.1478322446346283
76,0.06,0.0,0.11667385697364807
76,0.06,0.1,0.11667385697364807
76,0.06,0.2,0.10239531099796295
76,0.09,0.0,0.12376294285058975
76,0.09,0.1,0.12376294285058975
76,0.09,0.2,0.09647706151008606
76,0.12,0.0,0.12181808799505234
76,0.12,0.1,0.12181808799505234
76,0.12,0.2,0.1048615574836731
76,0.15,0.0,0.12670864164829254
76,0.15,0.1,0.12670864164829254
76,0.15,0.2,0.12699280679225922
77,0.0,0.0,0.11674420535564423
77,0.0,0.1,0.11674420535564423
77,0.0,0.2,0.1152617335319519
77,0.03,0.0,0.12724484503269196
77,0.03,0.1,0.12724484503269196
77,0.03,0.2,0.11992572993040085
77,0.06,0.0,0.12398499250411987
77,0.06,0.1,0.12398499250411987
77,0.06,0.2,0.11835185438394547
77,0.09,0.0,0.10981600731611252
77,0.09,0.1,0.10981600731611252
77,0.09,0.2,0.10518373548984528
77,0.12,0.0,0.10116200894117355
77,0.12,0.1,0.10116200894117355
77,0.12,0.2,0.1013859286904335
77,0.15,0.0,0.11327224969863892
77,0.15,0.1,0.11327224969863892
77,0.15,0.2,0.08931716531515121
78,0.0,0.0,0.08607732504606247
78,0.0,0.1,0.08607732504606247
78,0.0,0.2,0.09907785803079605
78,0.03,0.0,0.09356147050857544
78,0.03,0.1,0.09356147050857544
78,0.03,0.2,0.09459416568279266
78,0.06,0.0,0.07908929139375687
78,0.06,0.1,0.07908929139375687
78,0.06,0.2,0.0937337800860405
78,0.09,0.0,0.08289525657892227
78,0.09,0.1,0.08289525657892227
78,0.09,0.2,0.09931553155183792
78,0.12,0.0,0.08806169033050537
78,0.12,0.1,0.08806169033050537
78,0.12,0.2,0.10126575082540512
78,0.15,0.0,0.11138155311346054
78,0.15,0.1,0.11138155311346054
78,0.15,0.2,0.13531985878944397
79,0.0,0.0,0.1170438602566719
79,0.0,0.1,0.1170438602566719
79,0.0,0.2,0.10014315694570541
79,0.03,0.0,0.12328989803791046
79,0.03,0.1,0.12328989803791046
79,0.03,0.2,0.0924593135714531
79,0.06,0.0,0.11109546571969986
79,0.06,0.1,0.11109546571969986
79,0.06,0.2,0.09255869686603546
79,0.09,0.0,0.1131114736199379
79,0.09,0.1,0.1131114736199379
79,0.09,0.2,0.08883702009916306
79,0.12,0.0,0.10120823234319687
79,0.12,0.1,0.10120823234319687
79,0.12,0.2,0.09960872679948807
79,0.15,0.0,0.10736371576786041
79,0.15,0.1,0.10736371576786041
79,0.15,0.2,0.1137511357665062
8,0.0,0.0,0.09185637533664703
8,0.0,0.1,0.09185637533664703
8,0.0,0.2,0.11062223464250565
8,0.03,0.0,0.08117623627185822
8,0.03,0.1,0.08117623627185822
8,0.03,0.2,0.11751637607812881
8,0.06,0.0,0.09741830080747604
8,0.06,0.1,0.09741830080747604
8,0.06,0.2,0.1306372731924057
8,0.09,0.0,0.10953392088413239
8,0.09,0.1,0.10953392088413239
8,0.09,0.2,0.13221099972724915
8,0.12,0.0,0.11677845567464828
8,0.12,0.1,0.11677845567464828
8,0.12,0.2,0.11597665399312973
8,0.15,0.0,0.11059516668319702
8,0.15,0.1,0.11059516668319702
8,0.15,0.2,0.09775248914957047
80,0.0,0.0,0.0845099613070488
80,0.0,0.1,0.0845099613070488
80,0.0,0.2,0.10132288932800293
80,0.03,0.0,0.08908979594707489
80,0.03,0.1,0.08908979594707489
80,0.03,0.2,0.10170790553092957
80,0.06,0.0,0.08932837098836899
80,0.06,0.1,0.08932837098836899
80,0.06,0.2,0.08933152258396149
80,0.09,0.0,0.09404678642749786
80,0.09,0.1,0.09404678642749786
80,0.09,0.2,0.09644808620214462
80,0.12,0.0,0.09762326627969742
80,0.12,0.1,0.09762326627969742
80,0.12,0.2,0.08705668896436691
80,0.15,0.0,0.0992106944322586
80,0.15,0.1,0.0992106944322586
80,0.15,0.2,0.09437329322099686
81,0.0,0.0,0.12241989374160767
81,0.0,0.1,0.12241989374160767
81,0.0,0.2,0.16178274154663086
81,0.03,0.0,0.10739284008741379
81,0.03,0.1,0.10739284008741379
81,0.03,0.2,0.16156144440174103
81,0.06,0.0,0.11932037025690079
81,0.06,0.1,0.11932037025690079
81,0.06,0.2,0.16251367330551147
81,0.09,0.0,0.13893066346645355
81,0.09,0.1,0.13893066346645355
81,0.09,0.2,0.14088565111160278
81,0.12,0.0,0.1615053117275238
81,0.12,0.1,0.1615053117275238
81,0.12,0.2,0.12361373007297516
81,0.15,0.0,0.1559058427810669
81,0.15,0.1,0.1559058427810669
81,0.15,0.2,0.10822782665491104
82,0.0,0.0,0.1659763753414154
82,0.0,0.1,0.1659763753414154
82,0.0,0.2,0.20526427030563354
82,0.03,0.0,0.17649723589420319
82,0.03,0.1,0.17649723589420319
82,0.03,0.2,0.2098712921142578
82,0.06,0.0,0.18535782396793365
82,0.06,0.1,0.18535782396793365
82,0.06,0.2,0.20083658397197723
82,0.09,0.0,0.1739364117383957
82,0.09,0.1,0.1739364117383957
82,0.09,0.2,0.18302057683467865
82,0.12,0.0,0.1509760469198227
82,0.12,0.1,0.1509760469198227
82,0.12,0.2,0.16734132170677185
82,0.15,0.0,0.14946596324443817
82,0.15,0.1,0.14946596324443817
82,0.15,0.2,0.16215471923351288
83,0.0,0.0,0.08422030508518219
83,0.0,0.1,0.08422030508518219
83,0.0,0.2,0.1071615070104599
83,0.03,0.0,0.10171002894639969
83,0.03,0.1,0.10171002894639969
83,0.03,0.2,0.12092988193035126
83,0.06,0.0,0.10819501429796219
83,0.06,0.1,0.10819501429796219
83,0.06,0.2,0.11199776083230972
83,0.09,0.0,0.09391582757234573
83,0.09,0.1,0.09391582757234573
83,0.09,0.2,0.09995801001787186
83,0.12,0.0,0.1063922718167305
83,0.12,0.1,0.1063922718167305
83,0.12,0.2,0.09417711943387985
83,0.15,0.0,0.11738543212413788
83,0.15,0.1,0.11738543212413788
83,0.15,0.2,0.08566131442785263
84,0.0,0.0,0.09394333511590958
84,0.0,0.1,0.09394333511590958
84,0.0,0.2,0.10518521070480347
84,0.03,0.0,0.09504276514053345
84,0.03,0.1,0.09504276514053345
84,0.03,0.2,0.08890967816114426
84,0.06,0.0,0.09169810265302658
84,0.06,0.1,0.09169810265302658
84,0.06,0.2,0.0858987346291542
84,0.09,0.0,0.10143440216779709
84,0.09,0.1,0.10143440216779709
84,0.09,0.2,0.10217401385307312
84,0.12,0.0,0.1059211790561676
84,0.12,0.1,0.1059211790561676
84,0.12,0.2,0.09801973402500153
84,0.15,0.0,0.08850801736116409
84,0.15,0.1,0.08850801736116409
84,0.15,0.2,0.10579840838909149
85,0.0,0.0,0.08619935810565948
85,0.0,0.1,0.08619935810565948
85,0.0,0.2,0.0781371220946312
85,0.03,0.0,0.08189065009355545
85,0.03,0.1,0.08189065009355545
85,0.03,0.2,0.08255989849567413
85,0.06,0.0,0.09035585820674896
85,0.06,0.1,0.09035585820674896
85,0.06,0.2,0.08497197926044464
85,0.09,0.0,0.08239992707967758
85,0.09,0.1,0.08239992707967758
85,0.09,0.2,0.0871097594499588
85,0.12,0.0,0.08552316576242447
85,0.12,0.1,0.08552316576242447
85,0.12,0.2,0.0828070193529129
85,0.15,0.0,0.10193182528018951
85,0.15,0.1,0.10193182528018951
85,0.15,0.2,0.09046712517738342
86,0.0,0.0,0.1767481565475464
86,0.0,0.1,0.1767481565475464
86,0.0,0.2,0.2196980118751526
86,0.03,0.0,0.19647973775863647
86,0.03,0.1,0.19647973775863647
86,0.03,0.2,0.2665387988090515
86,0.06,0.0,0.20940621197223663
86,0.06,0.1,0.20940621197223663
86,0.06,0.2,0.2629060745239258
86,0.09,0.0,0.2192501425743103
86,0.09,0.1,0.2192501425743103
86,0.09,0.2,0.2468717098236084
86,0.12,0.0,0.22686892747879028
86,0.12,0.1,0.22686892747879028
86,0.12,0.2,0.2485761046409607
86,0.15,0.0,0.2453715205192566
86,0.15,0.1,0.2453715205192566
86,0.15,0.2,0.25288012623786926
87,0.0,0.0,0.10576466470956802
87,0.0,0.1,0.10576466470956802
87,0.0,0.2,0.10901173204183578
87,0.03,0.0,0.11304101347923279
87,0.03,0.1,0.11304101347923279
87,0.03,0.2,0.11395645141601562
87,0.06,0.0,0.12227845191955566
87,0.06,0.1,0.12227845191955566
87,0.06,0.2,0.10707148909568787
87,0.09,0.0,0.12352077662944794
87,0.09,0.1,0.12352077662944794
87,0.09,0.2,0.12688687443733215
87,0.12,0.0,0.09585563838481903
87,0.12,0.1,0.09585563838481903
87,0.12,0.2,0.11155586689710617
87,0.15,0.0,0.0960640087723732
87,0.15,0.1,0.0960640087723732
87,0.15,0.2,0.10309282690286636
88,0.0,0.0,0.10489636659622192
88,0.0,0.1,0.10489636659622192
88,0.0,0.2,0.11078938841819763
88,0.03,0.0,0.10252435505390167
88,0.03,0.1,0.10252435505390167
88,0.03,0.2,0.13466821610927582
88,0.06,0.0,0.09697699546813965
88,0.06,0.1,0.09697699546813965
88,0.06,0.2,0.12481363862752914
88,0.09,0.0,0.11217539757490158
88,0.09,0.1,0.11217539757490158
88,0.09,0.2,0.11268012970685959
88,0.12,0.0,0.09959457069635391
88,0.12,0.1,0.09959457069635391
88,0.12,0.2,0.13364852964878082
88,0.15,0.0,0.10825717449188232
88,0.15,0.1,0.10825717449188232
88,0.15,0.2,0.1032794937491417
89,0.0,0.0,0.20368795096874237
89,0.0,0.1,0.20368795096874237
89,0.0,0.2,0.19624876976013184
89,0.03,0.0,0.1826508641242981
89,0.03,0.1,0.1826508641242981
89,0.03,0.2,0.16749398410320282
89,0.06,0.0,0.20123820006847382
89,0.06,0.1,0.20123820006847382
89,0.06,0.2,0.18397659063339233
89,0.09,0.0,0.2149423509836197
89,0.09,0.1,0.2149423509836197
89,0.09,0.2,0.21093416213989258
89,0.12,0.0,0.22262802720069885
89,0.12,0.1,0.22262802720069885
89,0.12,0.2,0.20714056491851807
89,0.15,0.0,0.1934211254119873
89,0.15,0.1,0.1934211254119873
89,0.15,0.2,0.20865321159362793
9,0.0,0.0,0.10696562379598618
9,0.0,0.1,0.10696562379598618
9,0.0,0.2,0.10307049006223679
9,0.03,0.0,0.10345593094825745
9,0.03,0.1,0.10345593094825745
9,0.03,0.2,0.09548131376504898
9,0.06,0.0,0.11072424054145813
9,0.06,0.1,0.11072424054145813
9,0.06,0.2,0.09113602340221405
9,0.09,0.0,0.11344459652900696
9,0.09,0.1,0.11344459652900696
9,0.09,0.2,0.10943213105201721
9,0.12,0.0,0.1099027693271637
9,0.12,0.1,0.1099027693271637
9,0.12,0.2,0.09802307933568954
9,0.15,0.0,0.09557798504829407
9,0.15,0.1,0.09557798504829407
9,0.15,0.2,0.0971449539065361
90,0.0,0.0,0.15299226343631744
90,0.0,0.1,0.15299226343631744
90,0.0,0.2,0.17513702809810638
90,0.03,0.0,0.15433931350708008
90,0.03,0.1,0.15433931350708008
90,0.03,0.2,0.17476871609687805
90,0.06,0.0,0.14783984422683716
90,0.06,0.1,0.14783984422683716
90,0.06,0.2,0.2022526115179062
90,0.09,0.0,0.15078558027744293
90,0.09,0.1,0.15078558027744293
90,0.09,0.2,0.20130324363708496
90,0.12,0.0,0.16785231232643127
90,0.12,0.1,0.16785231232643127
90,0.12,0.2,0.20471946895122528
90,0.15,0.0,0.19182918965816498
90,0.15,0.1,0.19182918965816498
90,0.15,0.2,0.22380107641220093
91,0.0,0.0,0.09564162790775299
91,0.0,0.1,0.09564162790775299
91,0.0,0.2,0.09984897077083588
91,0.03,0.0,0.10838862508535385
91,0.03,0.1,0.10838862508535385
91,0.03,0.2,0.11885271221399307
91,0.06,0.0,0.10369409620761871
91,0.06,0.1,0.10369409620761871
91,0.06,0.2,0.10795360803604126
91,0.09,0.0,0.08650556206703186
91,0.09,0.1,0.08650556206703186
91,0.09,0.2,0.09462995827198029
91,0.12,0.0,0.09543085843324661
91,0.12,0.1,0.09543085843324661
91,0.12,0.2,0.09405595809221268
91,0.15,0.0,0.09778069704771042
91,0.15,0.1,0.09778069704771042
91,0.15,0.2,0.08945900201797485
92,0.0,0.0,0.08834759891033173
92,0.0,0.1,0.08834759891033173
92,0.0,0.2,0.09748761355876923
92,0.03,0.0,0.0913456603884697
92,0.03,0.1,0.0913456603884697
92,0.03,0.2,0.09246549755334854
92,0.06,0.0,0.08198942244052887
92,0.06,0.1,0.08198942244052887
92,0.06,0.2,0.10087767988443375
92,0.09,0.0,0.09808985143899918
92,0.09,0.1,0.09808985143899918
92,0.09,0.2,0.10368341207504272
92,0.12,0.0,0.09237015247344971
92,0.12,0.1,0.09237015247344971
92,0.12,0.2,0.10023125261068344
92,0.15,0.0,0.10806945711374283
92,0.15,0.1,0.10806945711374283
92,0.15,0.2,0.09053809940814972
93,0.0,0.0,0.09827294945716858
93,0.0,0.1,0.09827294945716858
93,0.0,0.2,0.10466881841421127
93,0.03,0.0,0.10994747281074524
93,0.03,0.1,0.10994747281074524
93,0.03,0.2,0.1249995008111
93,0.06,0.0,0.11722367256879807
93,0.06,0.1,0.11722367256879807
93,0.06,0.2,0.10512810945510864
93,0.09,0.0,0.10723289102315903
93,0.09,0.1,0.10723289102315903
93,0.09,0.2,0.10693144053220749
93,0.12,0.0,0.1071256771683693
93,0.12,0.1,0.1071256771683693
93,0.12,0.2,0.10001343488693237
93,0.15,0.0,0.12373560667037964
93,0.15,0.1,0.12373560667037964
93,0.15,0.2,0.1328222155570984
94,0.0,0.0,0.10600485652685165
94,0.0,0.1,0.10600485652685165
94,0.0,0.2,0.09446294605731964
94,0.03,0.0,0.09224264323711395
94,0.03,0.1,0.09224264323711395
94,0.03,0.2,0.102547787129879
94,0.06,0.0,0.11161310970783234
94,0.06,0.1,0.11161310970783234
94,0.06,0.2,0.11936534196138382
94,0.09,0.0,0.09534633904695511
94,0.09,0.1,0.09534633904695511
94,0.09,0.2,0.091572105884552
94,0.12,0.0,0.09059830754995346
94,0.12,0.1,0.09059830754995346
94,0.12,0.2,0.09858083724975586
94,0.15,0.0,0.08571311086416245
94,0.15,0.1,0.08571311086416245
94,0.15,0.2,0.09277636557817459
95,0.0,0.0,0.09056588262319565
95,0.0,0.1,0.09056588262319565
95,0.0,0.2,0.11801335215568542
95,0.03,0.0,0.09256432205438614
95,0.03,0.1,0.09256432205438614
95,0.03,0.2,0.10117807239294052
95,0.06,0.0,0.10269752889871597
95,0.06,0.1,0.10269752889871597
95,0.06,0.2,0.12350829690694809
95,0.09,0.0,0.11142297834157944
95,0.09,0.1,0.11142297834157944
95,0.09,0.2,0.10875013470649719
95,0.12,0.0,0.10391456633806229
95,0.12,0.1,0.10391456633806229
95,0.12,0.2,0.11953768879175186
95,0.15,0.0,0.1306273341178894
95,0.15,0.1,0.1306273341178894
95,0.15,0.2,0.10160313546657562
96,0.0,0.0,0.09086786955595016
96,0.0,0.1,0.09086786955595016
96,0.0,0.2,0.09216663241386414
96,0.03,0.0,0.08088705688714981
96,0.03,0.1,0.08088705688714981
96,0.03,0.2,0.07900698482990265
96,0.06,0.0,0.09170059859752655
96,0.06,0.1,0.09170059859752655
96,0.06,0.2,0.08991997689008713
96,0.09,0.0,0.09076572954654694
96,0.09,0.1,0.09076572954654694
96,0.09,0.2,0.07548972964286804
96,0.12,0.0,0.09867872297763824
96,0.12,0.1,0.09867872297763824
96,0.12,0.2,0.09678985923528671
96,0.15,0.0,0.08559898287057877
96,0.15,0.1,0.08559898287057877
96,0.15,0.2,0.08284096419811249
97,0.0,0.0,0.10605448484420776
97,0.0,0.1,0.10605448484420776
97,0.0,0.2,0.14140047132968903
97,0.03,0.0,0.09550884366035461
97,0.03,0.1,0.09550884366035461
97,0.03,0.2,0.08940982818603516
97,0.06,0.0,0.10958622395992279
97,0.06,0.1,0.10958622395992279
97,0.06,0.2,0.10404719412326813
97,0.09,0.0,0.09897121042013168
97,0.09,0.1,0.09897121042013168
97,0.09,0.2,0.10596271604299545
97,0.12,0.0,0.09879586100578308
97,0.12,0.1,0.09879586100578308
97,0.12,0.2,0.096796914935112
97,0.15,0.0,0.09437941759824753
97,0.15,0.1,0.09437941759824753
97,0.15,0.2,0.10113922506570816
98,0.0,0.0,0.16216795146465302
98,0.0,0.1,0.16216795146465302
98,0.0,0.2,0.1638096421957016
98,0.03,0.0,0.16233214735984802
98,0.03,0.1,0.16233214735984802
98,0.03,0.2,0.137141615152359
98,0.06,0.0,0.139395073056221
98,0.06,0.1,0.139395073056221
98,0.06,0.2,0.13180842995643616
98,0.09,0.0,0.1410580277442932
98,0.09,0.1,0.1410580277442932
98,0.09,0.2,0.1287858486175537
98,0.12,0.0,0.13012254238128662
98,0.12,0.1,0.13012254238128662
98,0.12,0.2,0.15719495713710785
98,0.15,0.0,0.15269248187541962
98,0.15,0.1,0.15269248187541962
98,0.15,0.2,0.1334124654531479
99,0.0,0.0,0.15995389223098755
99,0.0,0.1,0.15995389223098755
99,0.0,0.2,0.17296677827835083
99,0.03,0.0,0.1227341815829277
99,0.03,0.1,0.1227341815829277
99,0.03,0.2,0.10434812307357788
99,0.06,0.0,0.1167212650179863
99,0.06,0.1,0.1167212650179863
99,0.06,0.2,0.11325271427631378
99,0.09,0.0,0.12190414220094681
99,0.09,0.1,0.12190414220094681
99,0.09,0.2,0.12225829809904099
99,0.12,0.0,0.1378593146800995
99,0.12,0.1,0.1378593146800995
99,0.12,0.2,0.11811932921409607
99,0.15,0.0,0.10211890935897827
99,0.15,0.1,0.10211890935897827
99,0.15,0.2,0.10056573897600174
